Genotype;density;extract;brix;ph;totalacids;colour420;colour520;colour620;L;a;b;totalphenols
BIR2N48;1.0412;106.9;10.73;2.91;13.19;NA;NA;NA;NA;NA;NA;1578
FBR3N61;1.0473;122.8;12.59;2.96;12.06;0.027;0.017;0.001;99.2;1;1.4;395
FBR2N61;1.0479;124.3;12.74;3.08;10.01;0.02;0.004;0;99.8;-0.1;1.2;450
FBR2N90;1.0466;120.8;12.57;4;2.2;0.504;0.078;0.013;94.8;-3.4;34;939
FBR2N93;1.0458;118.8;12.38;3.31;7.01;0.084;0.027;0.005;98.2;-0.1;6.8;656
LAR1N26;1.0418;108.4;10.71;3.09;11.58;0.026;0.014;0.001;99.3;0.6;1.4;158
LAR1N43;1.0399;103.4;10.14;3.02;11.45;0.023;0.014;0.001;99.4;0.8;1.2;409
LAR1N59;1.0522;135.4;13.38;3.1;11.9;0.049;0.02;0.004;98.8;0.5;2.9;169
LAR3N53;1.0405;105.1;10.45;3.06;9.34;0.309;0.453;0.02;81.6;29.8;13.2;1113
LAR5107;1.0479;124.3;12.64;3.23;10.55;0.025;0.011;0.001;99.5;0.4;1.3;181
LAR5N108;1.05;129.9;13.23;2.96;10.18;0.029;0.008;0;99.6;0;1.7;821
LAR5N74;1.0505;131;12.64;3.08;12.17;0.018;0.009;0;99.6;0.4;1;283
FBR1N67;1.04;103.7;10.36;3.1;8.42;0.131;0.028;0.003;98.1;-0.9;10.4;698
FBR2N9;1.0456;118.3;12.34;3.27;6.72;0.113;0.035;0.004;97.9;0.1;9.1;557
FBR2N13;1.0448;116.2;12.33;3.97;1.92;0.281;0.044;0.008;96.9;-3;20;491
FBR2N50;1.0466;121;12.55;3.25;5.85;0.241;0.054;0.011;96.3;-1.4;18.6;702
FBR2N89;1.0493;128.1;13.08;2.99;9.55;0.035;0.051;0.001;97.9;4.1;1.2;386
FBR3N26;1.0501;130.1;13.16;3.05;10.4;0.023;0.007;0.002;99.6;0.1;1.2;346
FBR3N33;1.0412;106.8;10.71;3.12;6.55;0.045;0.016;0.003;99;0.3;3.4;575
FBR3N39;1.04;103.8;10.28;2.98;10.96;0.038;0.014;0.002;99.1;0.3;2.7;477
FBR3N47;1.0419;108.8;10.99;3.18;7.96;0.065;0.027;0.003;98.4;0.8;4.8;643
LAR1N19;1.0421;109.1;11.97;3.1;8.1;0.031;0.031;-0.001;98.8;2.3;1.5;273
LAR1N21;1.0371;96.3;9.5;3.05;11.83;0.014;0.002;-0.001;99.9;-0.1;0.9;142
LAR2N115;1.0453;117.4;12.36;3.22;7.27;0.292;0.067;0.016;95.4;-1.5;21.2;342
LAR3N2;1.0392;101.6;10.3;3.12;1.37;0.788;0.086;0.009;94.2;-5.3;49;694
LAR3N3;1.0336;87;8;3.14;10.21;0.517;0.569;0.023;78.5;33.2;26.1;1169
LAR3N17;1.0368;95.5;9.7;4.14;1.65;0.56;0.066;0.012;95.3;-5.4;35.6;318
LAR3N32;1.0402;104.2;10.31;3.13;10.54;0.213;0.041;0.003;97.3;-1.3;16.3;743
LAR3N67;1.0389;101;10.13;3.17;8.2;0.242;0.234;0.01;89.9;14.9;14.3;731
LAR3N100;1.0365;94.6;9.42;3;9.35;0.333;0.218;0.01;89.9;12.1;21.4;738
LAR4N38;1.0391;101.4;10.11;3.15;8.12;0.423;0.23;0.015;89.2;11.4;25;600
LAR5N118;1.0431;111.7;12.06;3.12;9.55;0.027;0.02;0;99.2;1.3;1.3;212
FBR3N1;1.0411;106.6;10.73;3.27;14.11;0.066;0.022;0.004;98.6;0.2;5;350
FBR3N35;1.0493;127.9;13.08;3.15;6.96;0.024;0.008;0.002;99.5;0;1.3;315
LAR2N101;1.0384;99.6;10.08;3.24;9.05;0.313;0.053;0.009;96.2;-3.2;25.3;327
LAR2N112;1.0399;103.4;10.09;3.17;13.55;0.406;1.032;0.022;72.3;52.1;18.1;326
LAR3N39;1.0398;103.3;10.35;3.17;10.85;0.39;0.072;0.011;95.1;-2.5;29.8;501
LAR3N95;1.0427;110.7;11.97;3.24;5.6;0.864;2.531;0.04;57;69.6;41.9;676
LAR4N65;1.0431;111.8;12.03;3.31;9.77;0.041;0.044;0.005;98;3;1.7;163
LAR4N90;1.0448;116.4;12.29;3.44;5.55;0.049;0.086;0.003;96.6;6.9;1.6;217
LAR5N17;1.046;119.5;12.34;3.12;16.65;0.023;0.006;0.002;99.6;-0.2;1.3;267
LAR5N68;1.0458;118.9;12.37;3.14;8.91;0.03;0.032;0.002;98.6;2.2;1.3;337
FBR1N12;1.0632;164.2;15.01;3.36;7.24;0.0125;0.0067;-0.0005;99.7;0.4;0.7;192
FBR1N54;1.0427;110.8;12.1;3.37;5.23;0.1486;0.036;0.0038;97.7;-0.5;12;671
FBR1N56;1.042;109.1;12.05;3.14;7.13;0.019;0.0123;-0.0008;99.5;0.8;1.1;261
FBR1N58;1.0456;118.4;12.39;3.15;7.95;0.0211;0.0158;-0.0005;99.3;1.1;1.1;339
FBR2N4;1.0436;113;12.15;3.56;6.45;0.0963;0.0323;0.0037;97.9;0.5;7.5;1371
FBR2N40;1.0439;113.9;12.18;3.23;7.03;0.0702;0.0185;0.0015;98.8;-0.1;5.8;486
FBR2N73;1.0446;115.6;12.23;3.33;8.55;0.0187;0.0033;-0.0003;99.8;-0.1;1.2;227
FBR3N52;1.0488;126.6;12.99;3.53;6.46;0.0744;0.0277;0.0019;98.4;0.7;6;655
LAR1N39;1.0428;111.1;10.89;3.48;11.03;0.0237;0.0127;-0.0003;99.5;0.7;1.4;371
LAR1N52;1.0599;155.6;14.78;3.13;11.68;0.0082;0.0018;-0.0008;99.9;0.1;0.5;41
LAR3N54;1.0452;117.2;12.38;3.41;5;0.1624;0.0323;0.0035;97.8;-1.1;12.7;524
LAR4N21;1.0535;139;13.68;3.26;8.55;0.1152;0.0366;0.0044;97.7;0.3;9.1;401
LAR5N69;1.0586;152.4;14.59;2.98;22.03;0.0116;0.0064;-0.0013;99.8;0.5;0.7;100
LAR5N72;1.06;155.8;14.76;3.21;12.41;0.014;0.0043;-0.001;99.8;0.2;0.9;43
LAR5N75;1.0546;141.8;13.73;3.31;11.66;0.0073;0.0023;-0.0011;99.9;0.2;0.5;31
LAR5N112;1.0535;138.9;13.66;3.55;9.21;0.0405;0.0228;0.001;98.9;1.2;2.4;190
LAR6N4;1.0395;102.4;10.05;3.51;9.36;0.0308;0.0359;-0.0007;98.6;2.9;1.4;456
LAR6N5;1.0523;135.7;13.35;3.2;14.05;0.0129;0.0085;-0.0012;99.7;0.7;0.7;188
LAR6N8;1.0355;91.9;8.53;3.38;9.17;0.045;0.0439;0.0007;98.1;3.2;2.3;287
LAR6N49;1.0563;146.2;14.53;3.15;11.1;0.0226;0.0106;-0.0006;99.5;0.5;1.4;50
LAR1N2;1.0492;127.8;12.99;3;13.66;0.0306;0.0222;0;99.1;1.5;1.5;558
LAR1N5;1.0421;109.3;10.71;3.08;14.56;0.0306;0.0073;0.0014;99.6;-0.2;1.8;230
LAR1N6;1.0461;119.7;12.44;3.1;9.13;0.0438;0.0617;0.0014;97.5;4.9;1.7;366
LAR1N15;1.0435;113;12.08;3.23;10.46;0.0255;0.0071;0.0009;99.6;0;1.7;396
LAR1N24;1.047;122.1;12.58;3.14;11.08;0.0176;0.0048;0.0002;99.8;0;1;234
LAR1N41;1.0449;116.5;12.18;3.13;15.55;0.0226;0.0037;0.0005;99.8;-0.3;1.4;540
LAR1N51;1.0364;94.3;9.27;3.18;8.99;0.075;0.0285;0.0045;98.3;0.5;5.5;575
LAR1N53;1.0521;135.2;13.41;3.21;10.11;0.0243;0.0103;-0.0001;99.5;0.4;1.3;187
LAR1N62;1.0456;118.3;12.4;3.37;7.14;0.0439;0.0606;0.0022;97.5;4.7;1.7;158
LAR1N77;1.0452;117.4;12.33;2.98;11.61;0.0728;0.0402;0.0066;97.7;1.6;4.8;960
LAR4N57;1.0427;110.9;12.02;3.1;11.03;0.0252;0.0278;0.0007;98.8;2.1;1.1;227
LAR4N94;1.0344;89.3;8.52;3.12;8.83;0.0357;0.0157;0.002;99.2;0.5;2;162
LAR5N99;1.0452;117.3;12.32;3.13;9.29;0.0382;0.0631;0.0009;97.5;5.2;1.3;281
LAR5N111;1.0364;94.5;9.37;3.13;8.8;0.0206;0.0054;0.0013;99.6;-0.1;1.2;158
LAR5N113;1.0514;133.5;13.34;3.26;9.25;0.0293;0.0095;0.0029;99.4;0;1.7;506
LAR5N123;1.0428;111;12.03;3.06;11.51;0.0233;0.0135;0.001;99.4;0.7;1.2;188
LAR6N14;1.0442;114.7;12.15;3.02;11.11;0.0172;0.0041;0.0007;99.8;-0.1;1;295
LAR6N22;1.0331;85.9;7.87;3.07;11.38;0.0505;0.0243;0.0042;98.6;0.8;3.2;596
LAR6N31;1.0392;101.5;9.98;3.14;12.78;0.026;0.0069;0.002;99.5;-0.1;1.6;143
LAR6N44;1.0351;91;8.59;2.94;13.05;0.0491;0.0147;0.0028;99.1;-0.1;3.5;186
BIR1N91;1.0448;116.3;12.27;2.99;9.68;0.0722;0.0331;0.003;98.2;1.2;5.3;522
BIR1N148;1.0417;108.1;10.8;2.83;13.71;0.8405;2.4357;0.0417;56.6;70;39.5;1151
BIR1N167;1.0416;108;10.75;2.83;17.29;2.472;7.577;0.115;76.6;46.5;7.3;1360
BIR2N15;1.0433;112.5;12.06;2.93;17.05;0.2482;0.6823;0.0122;77.2;44;5.5;871
BIR2N112;1.0446;115.7;12.26;2.89;14.25;1.226;3.828;0.043;86.3;29.1;2;1157
BIR2N186;1.0499;129.6;13.2;2.94;12.08;0.5158;1.5333;0.0255;64.4;63.7;21.5;680
FBR1N7;1.0461;119.6;12.48;3.61;3.91;0.3202;0.0534;0.0072;96.4;-2.8;23.1;693
FBR1N47;1.0492;127.6;13.06;3.13;9.56;0.0351;0.0336;0.001;98.6;2.4;1.5;254
FBR2N59;1.0464;120.5;12.43;3.12;9.31;0.0326;0.0248;0.0026;98.8;1.4;1.6;275
FBR2N88;1.0503;130.5;13.22;3.36;6.54;0.1512;0.0365;0.0033;97.8;-0.6;10.7;1062
FBR3N69;1.0505;131.1;13.3;4.09;2.15;1.551;0.341;0.082;97.6;-1.4;11.4;395
LAR1N20;1.0468;121.5;12.54;3.2;9.53;0.0301;0.0156;0.0025;99.2;0.6;1.5;418
LAR1N22;1.0367;95.1;9.4;3.16;9.54;0.0255;0.0084;0.0011;99.5;0.1;1.4;156
LAR1N38;1.0373;96.8;9.67;3.14;8.55;0.0364;0.0178;0.0013;99.2;0.8;1.8;142
LAR1N58;1.0442;114.7;12.14;3.03;12.31;0.0211;0.009;0.0011;99.5;0.3;1.1;227
LAR4N64;1.0366;94.9;9.31;3.15;9.09;0.026;0.0129;0.0018;99.3;0.5;1.4;169
LAR4N71;1.0385;99.8;9.87;3.02;11.56;0.0205;0.0073;0.0012;99.6;0.1;1.1;216
LAR5N88;1.0355;92;8.89;3.1;8.21;0.0362;0.0181;0.0033;99;0.6;2.1;206
LAR5N119;1.0532;138.1;13.55;3.11;11.74;0.0444;0.061;0.0022;97.5;4.8;1.6;249
LAR5N120;1.0483;125.3;12.76;3.06;11.25;0.037;0.0391;0.0025;98.3;2.7;1.6;231
LAR6N3;1.0468;121.4;12.45;3.09;11.73;0.0197;0.0071;0.0022;99.6;0;1;337
LAR6N9;1.0412;106.9;10.48;3.05;13.34;0.0193;0.0042;0.0009;99.7;-0.1;1.1;366
LAR6N13;1.0509;132.2;13.25;3.21;10.33;0.0393;0.0297;0.0008;98.7;1.9;1.9;249
LAR6N43;1.0507;131.6;13.28;3.21;7.85;0.0341;0.0272;0.0006;98.8;1.8;1.6;174
LAR6N47;1.0382;99.1;9.87;3.06;8.93;0.0262;0.0197;0.0012;99.1;1.2;1.3;531
FBR1N38;1.0475;123.4;12.69;3.13;6.25;0.127;0.04;0.0085;97.4;0;9.9;1189
FBR1N41;1.0502;130.2;13.2;3.07;7.9;0.033;0.0201;0.0063;98.8;0.7;1.6;386
FBR1N63;1.0444;115.1;12.27;4.43;1.63;0.6932;0.091;0.0233;93.5;-5.4;44.1;685
FBR1N73;1.046;119.3;12.45;3.22;5.98;0.2679;0.0606;0.0178;95.7;-1.8;19.6;556
FBR1N77;1.0434;112.7;12.11;3.28;6.2;0.1586;0.0407;0.0166;96.9;-1.4;12;339
FBR1N98;1.0385;99.7;9.98;3.26;5.78;0.0584;0.02;0.0047;98.6;0;4.4;500
FBR1N100;1.0402;104.2;10.42;3.15;5.55;0.0764;0.0292;0.0064;98.1;0.4;5.9;539
FBR2N8;1.0481;125;12.77;3.34;7.45;0.0886;0.0268;0.0076;98.1;-0.3;6.7;648
FBR2N48;1.0458;118.8;12.4;3.23;7.15;0.128;0.0403;0.012;97.2;-0.2;9.5;462
FBR2N67;1.0531;137.9;13.61;4.39;1.63;1.1504;0.1074;0.0212;92.4;-6.6;64.6;537
FBR2N80;1.0481;124.9;12.74;2.93;11.48;0.0371;0.0103;0.0053;99.2;-0.3;2;573
FBR2N86;1.0445;115.6;12.22;3.13;8.83;0.038;0.0276;0.0087;98.4;1.2;1.7;405
FBR2N87;1.0523;135.7;13.52;4.4;1.7;0.6542;0.1;0.024;93.1;-4.1;40.5;644
FBR3N20;1.0466;121;12.5;3.12;8.7;0.0304;0.0156;0.0031;99.1;0.6;1.7;312
FBR3N59;1.0459;119;12.43;3.15;7.18;0.0423;0.0202;0.0034;98.8;0.7;2.6;976
LAR2N120;1.0466;120.8;12.61;4.33;1.9;1.4394;0.2206;0.0349;97.2;2.5;72.3;937
LAR3N60;1.0388;100.7;9.96;3.03;12.25;0.3211;0.213;0.0202;89.7;11.4;18;670
LAR3N98;1.0479;124.3;12.69;3.12;9.98;0.042;0.0253;0.0102;98.4;0.7;1.9;251
LAR3N108;1.0433;112.3;12;3.14;13.13;0.0679;0.0246;0.0086;98.3;0;4.8;306
LAR4N1;1.0385;99.8;9.95;3.06;11.4;0.4342;0.3293;0.0405;84.9;17;23.1;610
FBR1N41;1.0365;94.6;9.45;3.09;6.78;0.162;0.036;0.008;97.47;-1.31;12.5;350
FBR1N94;1.0481;124.9;12.83;3.22;7.18;0.042;0.013;0.003;99.12;-0.05;2.74;668
FBR1N101;1.0416;108;11.94;4.38;1.05;0.711;0.082;0.016;94.2;-5.8;44.85;582
FBR2N2;1.0382;99;9.93;3.21;5.55;0.044;0.045;0.006;97.82;2.86;2.09;278
FBR2N46;1.0422;109.5;12.02;3.29;6.15;0.2;0.053;0.021;96.09;-1.53;14.57;375
FBR3N90;1.0467;121.2;12.55;3.22;6.85;0.283;0.09;0.029;93.99;-0.1;20.01;680
LAR2N73;1.0413;107;10.72;3.18;8.83;0.474;0.572;0.035;78.07;33.25;20.64;1137
LAR2N97;1.0427;110.7;12.01;3.05;9.7;0.129;0.042;0.011;97.14;-0.23;10.53;657
LAR2N110;1.0352;91.3;8.9;3.1;6.65;0.292;0.075;0.024;94.82;-1.33;20.45;622
LAR2N119;1.0402;104.2;10.39;3.38;5.85;0.287;0.07;0.02;95.18;-1.33;20.45;403
LAR2N121/123;1.0367;95.1;9.64;4.08;1.63;0.811;0.135;0.035;90.95;-2.62;46.74;1170
LAR3N44;1.0368;95.4;9.31;2.91;18.08;1.168;3.202;0.074;51.85;70.63;53.58;914
LAR3N76;1.0437;113.5;12.15;3.27;9;0.284;0.242;0.027;88.71;13.59;15.73;460
LAR3N82;1.0426;110.6;12.23;3.25;1.75;0.971;0.167;0.042;89.27;-1.02;51.95;262
LAR3N97;1.0394;102.1;10.04;2.92;15.75;0.906;2.571;0.061;57.61;66.92;45.89;414
LAR3N101;1.0385;99.8;9.86;3.06;12.18;0.817;0.567;0.449;61.49;2.22;17.67;237
LAR3N123;1.0393;102;10.27;3.26;7.43;0.436;0.136;0.033;91.47;1.64;28.26;721
LAR3N124;1.0532;138.2;13.64;4.11;8.83;0.451;0.116;0.034;92.13;-1.34;35.17;854
LAR4N14;1.0406;105.3;10.51;3.31;6.68;0.284;0.078;0.029;94.45;-1.32;19.33;513
LAR4N43;1.0374;97;9.57;2.95;13.95;0.531;0.875;0.03;72.68;46.36;23.59;978
FBR1N69;1.0463;120.2;7.16;2.92;8.75;0.036;0.016;-0.008;99.6;1.2;3.1;441
LAR2N58;1.04;103.8;7.06;4.62;1.1;1.739;0.207;0.046;87.5;-0.3;77.1;883
LAR2N68;1.0516;134;6.33;2.96;15.9;0.042;0.016;-0.007;99.5;1;3.4;429
LAR2N69;1.0412;106.8;10.07;3;10.75;0.378;1.043;0.014;71.1;55.1;13.3;496
LAR2N77;1.0422;109.6;7.07;3.09;8.98;0.401;0.373;0.014;84.4;23.2;20.7;1534
LAR2N84;1.0394;102.1;5.15;3.06;10.08;0.588;1.588;0.026;64.3;63.3;26.4;590
LAR2N86;1.0473;122.6;8.39;4.27;2.13;0.969;0.189;0.038;88.5;1.1;55.8;1081
LAR2N88;1.0408;105.8;7.68;3.29;8.73;0.281;0.058;0.008;96.2;-1.6;21.3;621
LAR2N90;1.0347;89.8;5.89;3.06;12.4;0.257;0.634;0.011;78.3;41.5;7.1;457
LAR3N14;1.0438;113.6;8.27;3.33;7.13;0.401;0.085;0.018;94.2;-2.1;30.4;495
LAR3N30;1.0411;106.6;6.25;3.02;11.28;0.088;0.023;0.003;98.5;-0.4;7.3;301
LAR3N36;1.0416;107.8;8.12;3.24;9.03;0.338;0.093;0.032;93.5;-1.1;23;310
LAR3N41;1.0369;95.6;5.27;2.91;12;0.406;1.001;0.023;71.4;52.6;16;533
LAR3N43;1.0448;116.3;7.68;3.13;9.28;0.383;0.073;0.016;94.9;-2.8;30;501
LAR3N45;1.0349;90.6;7.03;3.95;1.75;0.745;0.144;0.027;90.8;-0.4;44;1068
LAR3N49;1.0417;108.1;7.91;3.05;10.2;0.898;2.521;0.061;56.6;67.9;43.3;618
LAR3N57;1.0403;104.6;7.11;2.98;13.33;0.044;0.051;0.008;97.5;3.4;1.6;186
LAR3N65;1.0367;95.1;8.42;4.15;1.43;1.246;0.218;0.062;86.1;0.5;63.8;845
LAR3N113;1.0386;100.2;8.2;2.96;14.43;0.283;0.733;0.017;76.5;44.9;8.5;401
LAR4N39;1.0422;109.6;9.79;3.22;8.9;0.234;0.193;0.019;90.8;11.2;13.2;470
FBR1N68;1.0516;133.9;13.42;2.95;10;0.029;0.028;0;98.8;2.1;1.3;363
FBR2N78;1.0466;120.9;12.5;2.95;10.28;0.082;0.024;0.002;98.5;0.03;7.1;659
FBR2N83;1.0452;117.4;12.36;3.2;5.85;0.044;0.015;0.001;99.2;0.2;2.9;210
FBR3N94;1.0488;126.6;13.04;3.08;8.48;0.024;0.006;-0.001;99.7;0.1;1.5;422
FBR1N43;1.0511;132.6;13.44;4.2;1.63;0.065;0.019;0.005;98.7;-0.3;4.8;759
LAR2N62;1.0341;88.5;8.15;2.84;16.8;0.832;2.416;0.045;57.3;69.1;40.2;668
LAR2N63;1.0336;87.2;8.37;3.03;8.5;0.34;0.342;0.014;85.1;22.3;15.6;1198
LAR2N65;1.0419;108.7;10.79;3.24;10.48;0.198;0.043;0.007;97.1;-1.1;14.7;641
LAR2N72;1.0505;131.1;13.26;3.21;10;0.386;0.115;0.028;92.7;0.7;27.2;523
LAR2N76;1.0351;90.9;8.84;2.88;10.83;0.804;1.479;0.047;62.7;59.8;36.1;1054
LAR2N79;1.0411;106.5;10.61;3.13;10.33;0.134;0.036;0.007;97.7;-0.5;9.8;245
LAR2N92;1.0443;114.9;12.2;3.29;8.38;0.716;0.473;0.38;66.7;1.4;17.4;632
LAR2N94;1.0475;123.3;12.76;2.97;12.15;1.357;3.347;0.076;51.5;70.5;59;2139
LAR3N26;1.0395;102.5;10.18;3;11.65;0.423;0.55;0.02;79.7;33.3;20.3;1076
LAR3N40;1.035;90.7;8.63;3.17;9.35;0.735;0.204;0.078;86.4;0.6;40.1;154
LAR3N112;1.0444;115.1;12.15;2.97;15.53;0.9;2.584;0.056;56;69.1;42.5;779
LAR4N101;1.0423;109.8;10.95;3.01;12.15;0.023;0.012;0.003;99.3;0.3;1.1;311
LAR5N32;1.0436;113.2;12.13;3.01;9.45;0.039;0.055;0.001;97.8;4.4;1.6;176
LAR5N39;1.0492;127.8;13.01;3.17;11.55;0.027;0.014;0.004;99.1;0.4;1.5;215
LAR5N70;1.0348;90.3;8.65;3.09;7.95;0.019;0.003;-0.001;99.9;-0.1;1.2;220
LAR1N17;1.0396;102.7;10.21;3.01;10.2;0.021;0.011;0;99.5;0.6;1.2;199
LAR4N86;1.0401;104;10.38;3.04;8.58;0.035;0.053;-0.001;97.9;4.4;1.5;313
LAR4N88;1.0404;104.8;10.45;3.1;8.73;0.033;0.02;-0.005;99.4;1.5;2;153
LAR4N89;1.0386;100.2;9.94;3.04;10.23;0.314;0.009;-0.004;99.7;0.4;2.2;195
LAR4N92;1.0477;123.7;12.7;3.14;10.1;0.025;0.016;-0.004;99.5;1.3;1.6;150
LAR4N100;1.0485;125.9;12.89;3.07;10.9;0.016;0.018;-0.007;99.6;1.9;1.1;211
LAR4N105;1.0469;121.7;12.51;2.95;15.15;0.023;0.003;-0.003;99.9;-0.1;1.7;719
LAR4N109;1.0412;106.9;10.48;2.98;13.85;0.01;-0.005;-0.008;100.5;-0.1;1.1;254
LAR4N119;1.0495;128.4;13.09;2.99;13.18;0.035;0.022;-0.005;99.3;1.7;2.2;787
LAR5N3;1.0471;122.2;12.6;3.08;9.73;0.016;0.013;-0.008;99.9;1.6;1.3;148
LAR5N15;1.0482;125.2;12.79;3.14;9.85;0.019;-0.001;-0.011;100.5;0.3;1.8;238
LAR5N24;1.0404;104.7;10.39;3.1;9.65;0.016;-0.005;-0.01;100.6;-0.1;1.7;390
LAR5N28;1.0449;116.5;12.24;3.08;12.2;0.008;-0.007;-0.014;100.9;0.2;1.3;156
LAR5N35;1.0448;116.4;12.2;3.14;11.4;0.01;-0.005;-0.014;100.8;0.3;1.4;215
LAR5N41;1.0555;144.1;14.41;3.06;13.33;0.024;0.006;-0.013;100.3;1;2.1;240
LAR5N42;1.0427;110.7;11.95;3.01;11.85;0.012;-0.004;-0.011;100.6;0.2;1.5;453
LAR5N57;1.0459;119.2;12.33;2.94;14.83;0.001;-0.015;-0.017;101.4;-0.2;11.1;384
LAR5N58;1.042;108.9;10.95;3.09;9.45;0.002;-0.011;-0.018;101.3;0.2;1.2;188
LAR5N63;1.0495;128.5;13.11;3.1;10.33;0.014;0.011;-0.018;100.4;2.1;1.7;241
LAR6N17;1.0469;121.8;12.53;2.98;12.3;0.002;-0.012;-0.019;101.3;0.2;1.3;259
BIR1N24;1.0385;99.9;10;2.81;12.5;0.04;0.017;0.004;99;0.4;2.3;634
BIR1N80;1.045;116.8;12.3;3.04;12.05;0.031;0.015;0;99.3;0.7;1.8;296
FBR1N35;1.0464;120.3;12.6;4.29;1.85;0.362;0.04;0.005;97;-5;27.2;519
FBR2N7;1.0472;122.4;12.9;4.34;1.3;0.149;0.023;0.003;98.4;-1.9;11.2;897
FBR2N21;1.0458;118.9;12.5;3.37;5.58;0.052;0.019;0.006;98.7;0.1;3.5;478
FBR2N28;1.0478;124;12.8;3.4;5.9;0.045;0.015;0.002;99;0.1;3.2;945
FBR2N32;1.0509;132.2;13.4;3.42;5.3;0.039;0.022;0.003;98.8;1;2.2;549
FBR3N31;1.0512;133;13.4;3.43;6.48;0.167;0.038;0.008;97.4;-1.2;12.7;509
FBR3N44;1.0472;122.5;12.7;3.17;6.83;0.037;0.016;0.003;99.1;0.5;2.1;923
FBR3N60;1.0469;121.7;12.6;3.19;7.08;0.035;0.012;0.003;99.2;0;2.2;419
LAR3N74;1.0356;92.2;9;3.06;9.7;0.169;0.347;0.012;85.8;25.7;4.3;612
LAR3N79;1.0357;92.5;8.9;3.08;12;0.254;0.616;0.017;79.5;39.2;8.4;324
LAR3N118;1.0483;125.5;12.9;3.17;10.45;0.893;0.26;0.097;83.3;2.7;49.5;373
LAR4N18;1.0379;98.3;10;4.24;1.6;0.737;0.108;0.024;92.6;-3.9;42.9;503
LAR4N41;1.0444;115.1;12.3;4.68;1.23;0.193;0.029;0.006;97.9;-2.9;14.8;423
LAR4N60;1.0445;115.5;12.2;3.13;10.2;0.029;0.007;0.003;99.5;-0.3;1.7;168
LAR4N114;1.0392;101.7;10.1;3.07;11.35;0.026;0.015;0.003;99.2;0.6;1.3;451
LAR4N122;1.0489;126.8;13;2.98;13.33;0.031;0.026;0.002;98.8;1.7;1.5;279
LAR5N20;1.0496;128.9;13.2;3.21;9.13;0.147;0.072;0.037;94.8;0.6;7.8;164
LAR6N60;1.0432;112.1;12.1;3.05;10.33;0.033;0.029;0.004;98.6;1.7;1.6;193
LaR2N113;1.0372;96.6;9.7;3.2;6.8;0.429;0.086;0.023;98.7;-1;6.4;570
LAR3N23;1.0392;101.6;10.2;4.3;1.8;1.072;0.126;0.023;98.1;-3.4;15.6;517
LAR3N55;1.0402;104.3;10.3;3.1;12.2;0.408;0.57;0.027;94.9;8.7;3.5;714
LAR3N63;1.0395;102.3;10.3;4.2;2.1;0.8;0.088;0.016;98.6;-2.9;12.2;532
LAR3N77;1.0427;110.7;12;3.2;9.9;0.235;0.058;0.008;99.2;-0.3;3.8;915
LAR3N83;1.046;119.4;12.4;3.1;9.3;0.421;0.099;0.025;98.6;-0.8;6.6;606
LAR3N107;1.0385;99.7;10.1;3.3;6;0.499;0.094;0.027;98.6;-1.4;8.1;524
LAR3N120;1.0318;82.5;7.7;3;10;0.605;1.029;0.036;90.9;16.1;3.6;1617
LAR4N6;1.034;88.2;8.4;3;10.5;0.389;1.042;0.019;91.8;17.1;1.4;482
LAR4N7;1.0455;118.2;12.3;3.2;11.6;0.477;0.094;0.02;98.6;-1.1;8;963
LAR4N8;1.034;88.1;8.3;2.9;12.5;0.479;1.09;0.034;90.7;17.6;1.8;620
LAR4N10;1.0383;99.4;10.2;4;1.6;0.575;0.117;0.016;98.4;-1;8.8;1635
LAR4N11;1.0533;138.3;13.8;4.7;1.4;4.047;1.001;0.362;86.8;-0.2;48.1;492
LAR4N16;1.044;114.3;12.1;3.2;12.4;0.382;0.095;0.035;98.6;-0.9;5.9;372
LAR4N17;1.049;127.1;13;3.5;6.9;1.055;0.287;0.114;95.8;-1.7;15.3;324
LAR4N30;1.0423;109.7;12;3.3;6.7;0.382;0.069;0.015;99;-1.1;6.6;609
LAR4N31;1.0385;99.8;9.9;3.2;12.3;0.464;0.383;0.028;96.1;4.9;5.3;817
LAR4N34;1.032;82.9;7.7;3.2;8.5;1.161;1.771;0.088;84.9;24.8;8.4;1806
LAR4N37;1.0409;106.2;10.5;3.2;10.2;0.077;0.023;0.006;99.7;-0.1;1.1;170
LAR6N74;1.0449;116.4;12.3;3.3;7.1;0.088;0.06;0.014;99.3;0.6;0.9;184
FBR1N75;1.0528;137;13.73;4.32;1.3;0.281;0.039;0.005;97.26;-3.68;22.64;731
FBR3N12;1.0435;112.8;12.1;3.16;9;0.024;0.004;0.001;99.73;-0.29;1.42;370
FBR3N25;1.0444;115.1;12.33;4.31;1.3;1.589;0.231;0.03;86.98;3.56;76.95;1308
FBR3N104;1.0436;113.1;12.15;3.39;5.6;0.082;0.037;0.01;97.64;0.82;5.51;320
LAR2N102;1.0364;94.3;9.44;3.17;7.9;0.26;0.098;0.018;94.21;2.19;17.16;498
LAR3N5;1.0464;120.5;12.59;3.7;3.8;0.446;0.075;0.014;94.88;-3.18;30.96;539
LAR3N9;1.0417;108.2;11.99;4.28;1.9;0.455;0.071;0.012;95.22;-3.58;31.21;530
LAR3N12;1.0442;114.7;12.22;3.15;9.2;0.515;0.296;0.024;85.99;15.08;29.72;1017
LAR3N15;1.039;101.2;10.06;3.06;11.3;0.623;0.151;0.052;89.67;-1.19;39.32;357
LAR3N26;1.0442;114.6;12.24;4.38;2;0.399;0.042;0.007;96.94;-5.31;26.61;376
LAR3N28;1.0411;106.5;10.63;3.06;11.7;0.426;0.432;0.019;82.93;26.12;21.12;805
LAR3N31;1.0371;96.2;9.68;3.16;8.8;0.48;0.098;0.021;93.46;-2.15;35.02;551
LAR3N34;1.0393;102;10.18;3.08;9.9;0.457;0.326;0.018;85.66;17.97;28.29;914
LAR3N38;1.0313;81;7.34;3.12;10.4;0.261;0.059;0.015;95.87;-1.66;19.52;466
LAR3N90;1.0393;102;10.17;3.01;10.1;0.661;1.873;0.037;61.94;65.05;32.01;480
LAR3N109;1.0439;113.9;12.2;3.21;7.5;0.449;0.235;0.025;88.29;10.79;26.54;658
LAR4N12;1.0395;102.5;10.31;3.17;7.7;0.354;0.068;0.018;95.18;-2.52;23.93;469
LAR4N25;1.0396;102.7;10.44;4.1;2.2;0.86;0.203;0.026;88.31;4.25;46.83;1338
LAR4N28;1.0514;133.3;13.33;3.12;13.2;0.308;0.073;0.013;95.27;-0.84;22.48;963
LAR4N32;1.0413;107.1;10.63;3.21;10.6;0.698;1.568;0.044;62.72;61.8;29.89;1568
FBR1N97;1.0366;94.9;9.68;3.12;6.9;0.02;0.008;0.003;99.5;0.07;1.1;176
FBR2N71;1.034;88.2;8.63;3.25;5.18;0.038;0.018;0.01;98.58;0.06;1.87;221
FBR3N13;1.0452;117.2;12.39;3.27;6.83;0.562;0.209;0.092;85.88;1.73;30.88;200
FBR3N22;1.0434;112.5;12.19;3.3;6.73;0.038;0.015;0.006;98.89;0.08;2.22;704
FBR3N77;1.0481;124.8;13.08;4.15;1.63;0.447;0.067;0.011;95.37;-3.82;32.46;817
LAR3N81;1.0421;109.2;12.02;3.08;9.3;0.033;0.021;0.002;98.95;1.09;1.86;252
LAR4N40;1.0409;106;10.71;3.29;8.43;0.247;0.201;0.016;90.59;11.95;13.73;564
LAR4N84;1.0458;119;12.42;3.16;12.03;0.035;0.019;0.003;99.02;0.81;1.76;273
LAR5N2;1.0464;120.5;12.47;3.07;14.15;0.023;0.007;0.001;99.64;0.02;1.35;188
LAR5N5;1.05;129.8;13.2;3.2;10.75;0.039;0.032;0.004;98.44;1.97;1.79;402
LAR5N8;1.045;116.7;12.32;3.03;13.63;0.027;0.01;0.004;99.34;0.06;1.44;432
LAR5N9;1.0322;83.4;7.87;3.15;7.35;0.028;0.011;0.004;99.28;0.05;1.47;154
LAR5N14;1.0379;98.3;9.89;3.21;9.03;0.027;0.015;0.002;99.24;0.62;1.52;182
LAR5N18;1.0449;116.4;12.27;3.05;13.7;0.025;0.009;0.003;99.41;0.09;1.37;351
LAR5N38;1.0391;101.3;10.2;3.17;10.18;0.017;0.01;0.001;99.51;0.45;0.92;117
LAR5N50;1.044;114.2;12.26;3.27;7.1;0.043;0.056;0.004;97.56;4.21;1.66;256
LAR5N4;1.0292;75.7;6.99;3.17;6.68;0.025;0.009;0.002;99.42;0.06;1.63;134
LAR5N56;1.0294;76.2;7.04;3.16;7.35;0.019;0.006;0.002;99.59;-0.05;1.09;168
LAR5N62;1.0376;97.6;9.69;3.05;13.28;0.013;0.002;0;99.88;-0.14;0.78;217
LAR6N89;1.043;111.7;12.07;3.11;9.8;0.03;0.032;0.003;98.55;2.26;1.34;366
FBR2N66;1.0517;134.2;13.39;3.23;9.9;0.02;0.006;0.002;99.6;-0.1;1.1;275
FBR3N9;1.0433;112.3;12.14;3.19;5.83;0.025;0.012;0.002;99.4;0.3;1.4;363
LAR3N71;1.0434;112.7;12.17;4.35;1.75;1.154;0.107;0.018;92.6;-6.4;66.4;386
LAR3N86;1.0335;86.9;8.13;3.11;8.75;0.427;0.14;0.067;90;-0.9;25.5;227
LAR3N114;1.0322;83.5;7.72;3.02;7.78;0.22;0.033;0.005;97.6;-3.2;17.2;273
LAR4N20;1.0331;85.7;8.07;3.01;8.2;0.369;0.682;0.022;76.1;41.2;15.3;508
LAR4N82;1.0426;110.6;11.98;3.07;10.05;0.022;0.007;-0.004;99.9;0.4;1.6;278
LAR4N87;1.041;106.4;10.53;3.05;11.03;0.022;0.006;-0.002;99.8;0.3;1.4;266
LAR5N26;1.0426;110.6;11.92;3.11;12.55;0.012;-0.004;-0.008;100.5;-0.2;1.3;238
LAR5N31;1.0369;95.6;9.59;3.02;8.68;0.021;0.017;-0.004;99.5;1.6;1.3;246
LAR5N47;1.0451;117.1;12.3;3.14;10;0.025;0.002;-0.007;100.2;0.1;2.1;208
LAR5N51;1.0434;112.7;12.06;3.03;13.85;0.021;0.004;-0.004;100;0.2;1.6;380
LAR5N52;1.0407;105.5;10.53;3.05;8.65;0.038;0.042;-0.007;98.6;3.7;2.2;333
FBR1N62;1.0466;121;12.75;3.83;1.93;0.189;0.023;-0.001;98.4;2.5;14.7;598
LAR1N67;1.0373;96.6;9.74;2.87;12.18;0.477;0.271;0.024;86.7;13.7;27;916
LAR1N123;1.0401;104;10.55;2.94;9.35;0.516;0.153;0.019;91.2;3.4;32.7;1136
LAR1N125;1.0353;91.4;8.91;2.98;12.55;0.213;0.453;0.011;82.5;32.2;10.8;498
LAR2N1;1.0403;104.6;10.47;2.74;19.33;3.474;10.681;0.184;38.7;70.7;85.5;1759
LAR2N2;1.0384;99.5;10.13;3.03;7.38;0.65;0.971;0.038;69.3;49.2;27.5;1335
LAR2N11;1.0375;97.2;10.05;3.07;9.65;0.443;0.439;0.032;81.7;25.4;21.9;601
LAR2N12;1.0399;103.4;10.55;3.21;6.4;0.41;0.104;0.013;93.4;0.6;28.4;1053
LAR2N20;1.0432;112;12.28;4.2;1.75;1.075;0.192;0.03;88.3;1.7;54.8;1538
LAR2N28;1.0445;115.4;12.34;4.23;2.6;0.929;0.132;0.019;91.7;-2.1;52.1;1501
LAR2N29;1.0372;96.6;9.65;3;13.25;0.769;2.19;0.044;59;67.4;37;629
LAR2N33;1.0362;94;9.47;3.02;11.48;0.724;1.157;0.049;65.9;53.6;30.5;1321
LAR2N36;1.0396;102.8;10.21;3.04;14.25;0.05;0.054;0.001;97.3;4.3;2.4;333
LAR2N38;1.0437;113.5;12.16;3.08;13.13;0.576;1.635;0.032;63.4;63.9;25.5;492
LAR2N55;1.0389;100.8;10.09;3.17;8.4;0.173;0.081;0.02;94.8;2.2;10.9;521
LAR2N100;1.0465;120.8;12.82;3.95;1.8;0.6;0.116;0.016;92.8;-0.6;37.3;1186
LAR4N83;1.0391;101.5;10.26;3.14;7.4;0.1;0.027;0.006;98.3;-0.5;7.5;225
LAR6N52;1.0481;125;12.95;3.17;9.23;0.036;0.02;0.005;98.8;0.7;1.9;157
LAR6N57;1.0499;129.6;13.23;3.14;9.28;0.026;0.019;0.002;99.1;1.2;1.3;192
LAR6N83;1.0421;109.1;10.98;2.98;13.23;0.024;0.008;0.004;99.4;-0.1;1.3;411
FBR1N1;1.0454;117.9;12.45;3.38;5.1;0.063;0.026;0.006;98.3;0.4;4.2;693
FBR1N28;1.0534;138.7;13.76;3.27;7.23;0.169;0.083;0.035;94.3;1.4;10.3;647
FBR1N55;1.0487;126.5;13.09;3.14;8.63;0.124;0.045;0.007;97.2;0.7;9.8;1126
FBR1N78;1.0478;124.1;12.83;3.11;8.88;0.043;0.018;0.005;98.9;0.4;2.5;791
FBR2N11;1.0576;149.6;14.66;3.03;10.85;0.035;0.024;0.002;98.9;1.4;1.9;276
FBR3N75;1.0442;114.6;12.33;4.25;1.33;0.202;0.018;0.001;98.7;-3.5;16.2;423
LARN122;1.0372;96.5;9.98;4.08;1.48;0.471;0.048;0.003;96.6;-4.8;32.5;1124
LAR2N8;1.045;116.9;12.34;3.08;10.1;0.672;1.918;0.03;61.3;66.6;31.4;637
LAR2N18;1.0402;104.1;10.37;3.05;9.73;0.101;0.033;0.01;97.8;-0.1;7;225
LAR2N21;1.0352;91.2;8.89;3.12;9.15;0.254;0.067;0.026;95.1;-1.5;17.2;370
LAR2N23;1.0456;118.3;12.41;3.21;8.58;0.259;0.056;-0.003;96.8;0.1;20.2;1218
LAR2N32;1.0418;108.5;10.78;3.03;12.38;0.058;0.031;0.004;98.3;1.2;4;649
LAR2N60;1.0369;95.7;9.68;3.08;8.43;0.303;0.042;0.001;97.1;-2.6;24.7;740
LAR2N70;1.0375;97.1;9.78;2.8;15.7;1.85;5.568;0.103;45.6;72.3;72.5;1258
LAR2N75;1.0362;93.9;9.68;4.12;1.68;0.8;0.113;0.007;92.8;-1.9;48.6;1059
LAR2N91;1.0489;126.9;13.08;3.13;9.2;0.36;0.062;-0.003;96.2;-1.4;26.9;743
LAR2N98;1.0418;108.4;11.97;3.2;6.98;0.178;0.011;-0.014;99.4;-1.9;15.5;628
LAR5N86;1.0437;113.3;12.15;2.9;12.23;0.024;0.011;0.002;99.4;0.4;1.5;203
LAR6N55;1.0413;107.2;10.82;3.09;8.25;0.04;0.03;0.004;98.5;1.7;2.1;395
LAR6N81;1.0436;113.2;12.17;3.12;8.95;0.037;0.016;0.007;98.9;0.2;1.9;338
FBR1N13;1.0451;117;12.25;3.77;7.225;0.251;0.054;0.008;96.4;-1.5;20.3;850
FBR2N41;1.0464;120.3;12.22;3.48;8.6;0.021;0.007;0.002;99.6;0;1.2;249
FBR2N94;1.0444;115.1;12.02;3.53;5.25;0.129;0.031;0.006;97.9;-0.7;9.9;503
FBR3N63;1.0486;126.2;12.78;2.96;10.83;0.027;0.006;0.003;99.5;-0.3;1.5;538
LAR1N9;1.0477;123.7;12.43;3.04;12.88;0.031;0.019;0.003;99;0.9;1.6;253
LAR1N10;1.0455;118;12.18;3;12.53;0.029;0.021;0.003;99;1.1;1.5;216
LAR1N23;1.0418;108.4;10.81;2.97;12.63;0.023;0.008;0.001;99.6;0.1;1.3;540
LAR1N30;1.0436;113.2;11.84;2.99;12.03;0.025;0.009;0.004;99.3;0;1.3;427
LAR1N31;1.0409;106;10.66;3.2;9.15;0.036;0.021;0.005;98.9;0.8;1.9;192
LAR1N65;1.0438;113.8;12.03;3.06;12.53;0.023;0.009;0.003;99.4;0.1;1.3;299
LAR1N91;1.04797;124.5;12.49;3.14;10.4;0.261;0.083;0.007;95.3;1.8;19.5;957
LAR2N22;1.03995;103.6;10.26;3.12;10.83;0.315;0.082;0.004;95.2;0.8;23.5;2083
LAR2N31;1.03882;100.7;10.01;2.92;18.18;1.619;4.927;0.084;48.9;71.7;70.4;821
LAR2N39;1.04004;103.9;10.26;3.12;9.13;0.373;0.104;0.017;93.5;0.7;25.1;694
LAR2N57;1.03889;100.9;10.21;3.13;10.25;0.622;1.203;0.031;67;56.1;26.5;1576
LAR4N50;1.03697;95.9;8.76;3.14;7.3;0.029;0.013;0.001;99.3;0.5;1.9;202
LAR4N59;1.03955;102.6;10.07;3.17;9.53;0.029;0.026;0.003;98.8;1.6;1.4;129
LAR4N74;1.04436;115.1;11.87;3.16;8.35;0.025;0.01;0;99.5;0.4;1.4;271
LAR4N76;1.04619;119.9;12.11;3.28;9;0.034;0.013;0.002;99.3;0.2;2;175
LAR4N77;1.04366;113.3;11.01;3.07;11.45;0.042;0.025;0.006;98.6;1;2.2;175
LAR4N79;1.03869;100.3;9.96;3.17;8.33;0.028;0.017;0.002;99.2;0.9;1.5;162
LAR5N78;1.04798;124.5;12.38;3.02;13.88;0.025;0.006;0.001;99.6;-0.1;1.5;580
LAR5N80;1.04348;112.8;10.99;3.08;11.4;0.029;0.014;0.003;99.2;0.4;1.6;377
LAR5N89;1.04414;114.5;11.98;3.2;7.38;0.039;0.034;0.003;98.4;2.2;1.9;141
LAR5N104;1.04711;122.3;12.27;3.05;10.5;0.036;0.022;0.004;98.9;1;1.9;380
LAR6N54;1.03615;93.7;9.27;2.95;11.33;0.024;0.015;0.002;99.2;0.7;1.3;210
LAR6N64;1.0368;95.4;9.38;2.97;11.5;0.027;0.03;0;98.8;2.3;1.2;307
LAR6N77;1.04586;119;12.25;3.12;11.88;0.024;0.006;0.001;99.6;-0.1;1.5;193
LAR6N79;1.03482;90.3;8.65;3;9.68;0.017;0.006;0.001;99.7;0.1;1;196
LAR6N82;1.03638;94.3;9.35;3.08;10.53;0.02;0.007;0.001;99.6;0.1;1.2;202
FBR1N9;1.05016;130.23;13.36;4.27;1.48;1.312;0.282;0.079;83;4.3;63;278
FBR2N68;1.05044;130.96;13.4;3.22;6.88;0.142;0.037;0.005;97.6;-0.4;10.8;881
FBR3N95;1.04794;124.44;13.01;4.45;1.53;0.655;0.091;0.017;93.9;-4.4;40.4;503
LAR1N64;1.04591;119.15;12.38;3.02;13.5;0.039;0.022;0.004;98.8;0.9;2.1;592
LAR1N69;1.03274;84.86;7.97;2.91;12.55;0.516;0.563;0.026;78.3;32.9;25.1;1201
LAR1N72;1.04121;106.9;10.81;3.06;9.23;0.095;0.025;0.005;98.3;-0.5;7.4;447
LAR1N75;1.04073;105.65;10.63;3.14;9.1;0.048;0.016;0.004;98.9;0;3.4;377
LAR1N79;1.03857;100.03;10.25;3.96;1.9;0.443;0.102;0.015;93.6;0.1;27.4;985
LAR1N83;1.04622;119.96;12.46;2.91;15.43;0.677;0.685;0.037;74.9;36.9;32.3;1251
LAR1N103;1.04567;118.52;12.43;2.92;12.83;0.598;0.677;0.045;75.5;36.1;28.2;815
LAR1N107;1.0349;90.48;9.01;3.16;6.9;0.419;0.077;0.013;94.9;-2;27.8;1399
LAR1N110;1.0396;102.71;10.35;3.12;6.78;0.267;0.055;0.013;96.1;-1.8;19.1;554
LAR1N111;1.05157;133.91;13.41;3.12;10.2;0.071;0.05;0.002;97.7;3;4.2;320
LAR1N114;1.0415;107.66;10.99;3.11;8.43;0.447;0.867;0.028;72.8;47.4;18.1;1389
LAR1N119;1.04662;121;12.58;3.23;7.85;3.818;1.54;0.791;32.1;22;56.1;634
LAR2N3;1.04169;108.15;11.98;4.13;2.58;1.179;0.176;0.043;88.7;-1.6;58.5;775
LAR2N59;1.04243;110.08;11.96;3.12;11.33;0.569;0.688;0.044;75.5;36.7;26.8;694
LAR5N97;1.04984;129.4;13.18;3.03;11.78;0.048;0.022;0.003;98.8;0.8;2.8;496
LAR6N86;1.04152;107.71;10.9;2.97;10.13;0.03;0.013;0.003;99.2;0.3;1.7;602
LAR6N87;1.04065;105.45;10.56;2.98;9.68;0.042;0.021;0.002;98.9;0.9;2.5;189
FBR1N14;1.04046;104.95;10.58;3.16;7.55;0.037;0.012;0.004;99.2;-0.1;2.5;404
FBR1N19;1.05106;132.58;13.4;3.2;7.33;0.362;0.225;0.092;86;6.2;19;527
FBR1N39;1.05626;146.16;14.58;3.41;5.73;0.119;0.031;0.007;97.9;-0.6;8.7;628
LAR1N70;1.02517;65.2;6.2;3.12;5.5;0.284;0.303;0.044;85.1;17.8;12.1;837
LAR1N74;1.04063;105.39;10.54;2.85;14.05;1.617;4.917;0.095;47.4;71.8;68;1060
LAR1N76;1.03662;94.96;9.67;3.07;7;0.456;0.296;0.025;85.7;16.1;24.9;1299
LAR1N78;1.03548;91.99;9.42;4.07;2.43;1.214;0.326;0.065;81.6;10;57.1;1351
LAR1N85;1.03133;81.2;7.42;2.93;11.93;0.559;1.551;0.037;63.7;62.8;23.8;592
LAR1N98;1.04055;105.19;12.03;3.19;8.23;0.302;0.087;0.016;94.5;0.1;23.3;588
LAR1N99;1.04552;118.13;12.35;2.95;14.68;1.742;5.178;0.109;45.9;71.7;695;1156
LAR1N100;1.04454;115.58;12.35;4.17;2.2;1.037;0.321;0.048;82.4;11.6;48.7;1429
LAR1N108;1.05061;131.41;13.32;3.24;8.6;0.322;0.098;0.026;93.6;0.2;23.1;655
LAR1N109;1.03881;100.66;10.06;3.03;9.48;0.264;0.065;0.012;95.8;-0.5;18.9;753
LAR2N35;1.03675;95.29;9.46;3.13;10.7;0.213;0.052;0.015;96.3;-1.2;15.1;577
LAR2N40;1.0406;105.32;10.48;3.02;13.53;1.296;3.786;0.081;50.9;70.6;59.5;829
LAR2N42;1.04683;121.55;12.8;4.33;1.68;0.934;0.185;0.031;88.8;1.8;52.5;1195
LAR2N44;1.03625;93.99;9.38;3.02;10.33;0.213;0.404;0.019;84.1;27.9;7.2;372
LAR2N56;1.04018;104.22;10.37;3.05;11.48;0.246;0.077;0.015;95.3;0.8;16.6;889
LAR2N45;1.0453;117.56;12.36;3.05;11.23;0.037;0.016;0.006;99;0.2;1.9;488
LAR2N65;1.04777;124;12.77;2.97;12.5;0.035;0.024;0.006;98.7;1;1.7;187
FBR1N48;1.0305;79;7.44;3.27;5.63;0.034;0.015;0.003;99.1;0.4;2.2;480
FBR2N37;1.04273;110.9;12.11;3.44;4.58;0.153;0.035;0.007;97.6;-1;11.5;454
FBR2N44;1.04492;116.6;13.36;3.03;10.25;0.171;0.078;0.046;94.1;-0.1;10.1;681
FBR3N66;1.03524;91.4;9.25;3.29;8.4;0.042;0.014;0.002;99.1;0.1;3.2;700
FBR3N73;1.04209;109.2;11.97;3.13;10.6;0.03;0.031;0.002;98.6;2.2;1.3;224
LAR1N11;1.04303;111.6;12.06;3.06;14.9;0.021;0.014;-0.001;99.4;0.9;1.1;289
LAR1N68;1.03563;92.4;9.15;3.07;14.5;0.017;0.005;0;99.7;0.1;1;164
LAR1N81;1.04475;116.1;12.29;3.19;9.15;0.256;0.059;0.013;96;-1.1;18;764
LAR1N121;1.03674;95.3;9.86;4.17;1.43;1.417;0.26;0.042;85;5.6;66.8;1224
LAR2N54;1.03567;92.5;9.23;2.93;12.68;0.923;2.704;0.048;56.2;69.8;45.3;921
LAR4N61;1.03592;93.1;9.33;3.17;7.93;0.069;0.049;0.036;96.2;0.4;2.1;138
LAR4N63;1.04307;111.7;12.05;3.1;11.05;0.03;0.009;0.003;99.4;0;1.8;187
LAR4N70;1.04624;120;12.46;3.12;10.75;0.03;0.01;0.002;99.4;0;1.8;202
LAR5N76;1.0406;105.3;10.51;3.05;9.38;0.034;0.025;0.002;98.8;1.5;1.7;160
LAR5N77;1.03908;101.4;10.16;3.23;6.8;0.042;0.03;0.004;98.5;1.6;2.1;312
LAR5N125;1.04281;111.1;12.07;3.11;8.55;0.045;0.013;0.002;99.2;0;2.9;146
LAR6N25;1.04337;112.5;12.09;2.98;12.03;0.034;0.021;0.012;98.5;0.4;1.3;218
LAR6N27;1.05239;136.0528365;13.51;3.15;9.95;0.159;0.138;0.122;89;0.5;2;161
LAR6N39;1.04708;122.2005116;12.6;3.07;11.2;0.032;0.016;0.004;99.1;0.4;1.6;392
LAR6N40;1.04141;107.4252302;10.72;3.08;9.7;0.025;0.01;0.002;99.4;0.2;1.4;242
LAR6N46;1.04717;122.4351741;12.64;3.07;7.03;0.032;0.015;0.002;99.2;0.6;1.7;446
FBR3N72;1.05274;136.9664099;13.59;3.35;11.65;0.031;0.007;0.002;99.5;-0.3;1.9;712
FBR1N40;1.0429;111.4;10.68;3.05;10.47;0.048;0.015;0.003;99.1;0;3.3;304
FBR1N80;1.0553;143.7;13.61;4.05;2.41;0.52;0.055;0.003;99.6;-1;4.2;545
FBR1N83;1.0372;96.4;9.29;3.93;2.11;0.556;0.049;0.003;99.6;-1.2;4.5;856
FBR1N92;1.034;88.2;8.52;3.2;6.46;0.131;0.028;0.004;98.1;-1.2;10.9;497
FBR2N38;1.0554;144;13.63;4.2;1.2;0.252;0.041;0.009;97.1;-2.8;17.9;380
FBR3N81;1.0482;125.1;11.93;4.24;1.38;0.223;0.062;0.013;96;-0.5;17;875
BIR1N86;1.0467;121.2;11.57;3.04;10.98;0.06;0.027;0.004;98.5;0.8;3.6;805
BIR2N60;1.0455;118;11.29;2.9;15.27;3.483;10.524;0.21;70.4;55.1;11.9;1879
