SNP;Chr;Pos;P.value;MAF;traits
AX-635452977;9;26675281;1.77E-08;0.3092417;FarmCPU.density
AX-635441970;10;27931702;4.61E-08;0.454878;FarmCPU.density
AX-635452977;9;26675281;1.86E-08;0.3092417;FarmCPU.extract
AX-635441970;10;27931702;5.03E-08;0.454878;FarmCPU.extract
AX-635435421;3;23939119;5.59E-07;0.3151659;FarmCPU.brix
AX-635441031;9;26123239;9.05E-08;0.1900238;FarmCPU.brix
AX-115631975;10;28736007;8.28E-07;0.478673;FarmCPU.brix
AX-115361987;7;5427255;1.66E-07;0.48459716;FarmCPU.ph
AX-635456138;7;8125740;4.08E-07;0.4964455;FarmCPU.ph
AX-635449009;16;442649;5.54E-11;0.06650246;FarmCPU.ph
AX-105221334;16;3141251;1.67E-77;0.28199052;FarmCPU.ph
AX-115234324;17;689381;3.66E-07;0.21090047;FarmCPU.ph
AX-115650196;9;29333991;1.20E-06;0.1872038;FarmCPU.totalacids
AX-115185080;11;2833558;5.21E-07;0.3293839;FarmCPU.totalacids
AX-105221334;16;3141251;3.62E-58;0.2819905;FarmCPU.totalacids
AX-115198137;8;12870615;2.15E-08;0.21445498;FarmCPU.colour420
AX-635441221;9;34969698;2.31E-10;0.09213759;FarmCPU.colour420
AX-115338425;10;22940613;1.17E-06;0.3507109;FarmCPU.colour420
AX-115321426;12;20772552;1.83E-08;0.20853081;FarmCPU.colour420
AX-635445779;13;35366928;3.24E-07;0.14028777;FarmCPU.colour420
AX-115191216;16;3346182;1.05E-11;0.4028436;FarmCPU.colour420
AX-115284573;16;3542555;5.72E-07;0.40402844;FarmCPU.colour420
AX-115577800;2;31923120;4.36E-15;0.20023697;FarmCPU.colour520
AX-115308685;4;19258127;4.34E-08;0.42654028;FarmCPU.colour520
AX-115248083;4;24793186;2.42E-11;0.32701422;FarmCPU.colour520
AX-115583837;9;25280656;2.70E-23;0.49526066;FarmCPU.colour520
AX-635441221;9;34969698;5.73E-11;0.09213759;FarmCPU.colour520
AX-115445925;12;8898542;1.10E-06;0.20783848;FarmCPU.colour520
AX-115321426;12;20772552;6.03E-07;0.20853081;FarmCPU.colour520
AX-115384789;12;20945178;6.03E-07;0.20853081;FarmCPU.colour520
AX-635449000;16;241116;1.64E-09;0.06398104;FarmCPU.colour520
AX-115191358;17;2200896;6.16E-07;0.20379147;FarmCPU.colour520
AX-635437109;5;35382090;2.67E-47;0.1018957;FarmCPU.colour620
AX-115431871;5;35730588;5.91E-31;0.2014218;FarmCPU.colour620
AX-115182727;5;37089073;6.03E-22;0.3957346;FarmCPU.colour620
AX-115579257;8;10209889;1.78E-07;0.4609005;FarmCPU.colour620
AX-115457410;10;12236880;7.81E-10;0.2085308;FarmCPU.colour620
AX-635446146;13;41455394;3.53E-07;0.2933168;FarmCPU.colour620
AX-115426668;16;10786303;3.09E-07;0.2417062;FarmCPU.colour620
AX-115638088;9;34408540;2.24E-21;0.1054502;FarmCPU.L
AX-115265464;10;32311518;5.01E-07;0.1066351;FarmCPU.L
AX-115340156;14;20176848;6.38E-07;0.186019;FarmCPU.L
AX-115511502;16;4446599;6.58E-08;0.1817102;FarmCPU.L
AX-115272227;16;11700114;7.02E-07;0.1812796;FarmCPU.L
AX-115402287;4;26205970;4.19E-11;0.18246445;FarmCPU.a
AX-115224655;7;34450228;1.67E-06;0.10189573;FarmCPU.a
AX-115638088;9;34408540;3.81E-40;0.10545024;FarmCPU.a
AX-115576814;11;12796755;1.04E-06;0.15083135;FarmCPU.a
AX-105176034;12;5431541;5.92E-08;0.09597156;FarmCPU.a
AX-115511502;16;4446599;1.14E-11;0.18171021;FarmCPU.a
AX-115182697;17;5888293;9.80E-13;0.10194175;FarmCPU.a
AX-115499685;17;11609651;1.21E-07;0.1042654;FarmCPU.a
AX-115492553;3;16745623;4.57E-09;0.36611374;FarmCPU.totalphenols
AX-115245540;9;14193839;1.46E-10;0.09241706;FarmCPU.totalphenols
AX-115185937;11;42165458;1.08E-06;0.1042654;FarmCPU.totalphenols
AX-115190658;16;3462748;4.19E-18;0.28791469;FarmCPU.totalphenols
