"Genotype","predicted.value","std.error","status","AVSED","h2_Cullis","Gvar","pop","co_loc","pop_BLUE"
"FBR1N1",0.545202872668978,0.0416555030052015,"Estimable",0.0649163938684439,0.396441492486837,0.0034910767890974,"gxr","1",0.756869068934904
"FBR1N100",0.592833268780669,0.0435308585407309,"Estimable",0.0649163938684439,0.396441492486837,0.0034910767890974,"gxr","1",0.756869068934904
"FBR1N101",0.543519587148095,0.0424647449808354,"Estimable",0.0649163938684439,0.396441492486837,0.0034910767890974,"gxr","1",0.756869068934904
"FBR1N102",0.502301583538094,0.0441035074996574,"Estimable",0.0649163938684439,0.396441492486837,0.0034910767890974,"gxr","1",0.756869068934904
"FBR1N103",0.540958839650489,0.0424507674868424,"Estimable",0.0649163938684439,0.396441492486837,0.0034910767890974,"gxr","0",0.756869068934904
"FBR1N11",0.583351934017082,0.0426524844885086,"Estimable",0.0649163938684439,0.396441492486837,0.0034910767890974,"gxr","1",0.756869068934904
"FBR1N12",0.567311821325277,0.0421600455820235,"Estimable",0.0649163938684439,0.396441492486837,0.0034910767890974,"gxr","0",0.756869068934904
"FBR1N13",0.564914710200305,0.043426379954605,"Estimable",0.0649163938684439,0.396441492486837,0.0034910767890974,"gxr","0",0.756869068934904
"FBR1N14",0.592624539042432,0.0424366698697812,"Estimable",0.0649163938684439,0.396441492486837,0.0034910767890974,"gxr","1",0.756869068934904
"FBR1N16",0.541665611629892,0.0413419462973797,"Estimable",0.0649163938684439,0.396441492486837,0.0034910767890974,"gxr","0",0.756869068934904
"FBR1N17",0.546594889661749,0.0414587548520836,"Estimable",0.0649163938684439,0.396441492486837,0.0034910767890974,"gxr","0",0.756869068934904
"FBR1N19",0.558517055498579,0.043190250458224,"Estimable",0.0649163938684439,0.396441492486837,0.0034910767890974,"gxr","1",0.756869068934904
"FBR1N2",0.606092838883475,0.0426027144581551,"Estimable",0.0649163938684439,0.396441492486837,0.0034910767890974,"gxr","1",0.756869068934904
"FBR1N20",0.623708667681787,0.041897043808641,"Estimable",0.0649163938684439,0.396441492486837,0.0034910767890974,"gxr","1",0.756869068934904
"FBR1N21",0.53943126560272,0.0435343769010516,"Estimable",0.0649163938684439,0.396441492486837,0.0034910767890974,"gxr","1",0.756869068934904
"FBR1N22",0.503174076249886,0.0425493517302466,"Estimable",0.0649163938684439,0.396441492486837,0.0034910767890974,"gxr","0",0.756869068934904
"FBR1N23",0.581010665233637,0.0425744241632222,"Estimable",0.0649163938684439,0.396441492486837,0.0034910767890974,"gxr","1",0.756869068934904
"FBR1N24",0.564166210076589,0.0430603886200719,"Estimable",0.0649163938684439,0.396441492486837,0.0034910767890974,"gxr","0",0.756869068934904
"FBR1N25",0.553324221766283,0.0432672144082613,"Estimable",0.0649163938684439,0.396441492486837,0.0034910767890974,"gxr","1",0.756869068934904
"FBR1N27",0.529712061862592,0.0424767040237588,"Estimable",0.0649163938684439,0.396441492486837,0.0034910767890974,"gxr","0",0.756869068934904
"FBR1N28",0.586637059670946,0.0418084552957628,"Estimable",0.0649163938684439,0.396441492486837,0.0034910767890974,"gxr","0",0.756869068934904
"FBR1N3",0.580481680915887,0.0412176819631275,"Estimable",0.0649163938684439,0.396441492486837,0.0034910767890974,"gxr","1",0.756869068934904
"FBR1N31",0.55218673800004,0.0430603950941889,"Estimable",0.0649163938684439,0.396441492486837,0.0034910767890974,"gxr","1",0.756869068934904
"FBR1N32",0.563756397172911,0.0420090769953561,"Estimable",0.0649163938684439,0.396441492486837,0.0034910767890974,"gxr","1",0.756869068934904
"FBR1N33",0.527379228686924,0.0431532917995856,"Estimable",0.0649163938684439,0.396441492486837,0.0034910767890974,"gxr","1",0.756869068934904
"FBR1N34",0.625806231154903,0.0419034341345029,"Estimable",0.0649163938684439,0.396441492486837,0.0034910767890974,"gxr","1",0.756869068934904
"FBR1N35",0.567193819149846,0.0424777691599165,"Estimable",0.0649163938684439,0.396441492486837,0.0034910767890974,"gxr","0",0.756869068934904
"FBR1N38",0.553549255481207,0.0412263860818604,"Estimable",0.0649163938684439,0.396441492486837,0.0034910767890974,"gxr","1",0.756869068934904
"FBR1N39",0.510866224069646,0.0421509851490954,"Estimable",0.0649163938684439,0.396441492486837,0.0034910767890974,"gxr","0",0.756869068934904
"FBR1N4",0.561490184480485,0.0427190896511315,"Estimable",0.0649163938684439,0.396441492486837,0.0034910767890974,"gxr","1",0.756869068934904
"FBR1N40",0.541445863412616,0.0424232221807335,"Estimable",0.0649163938684439,0.396441492486837,0.0034910767890974,"gxr","1",0.756869068934904
"FBR1N41",0.534466811876739,0.0409559240318225,"Estimable",0.0649163938684439,0.396441492486837,0.0034910767890974,"gxr","1",0.756869068934904
"FBR1N43",0.619242272040462,0.0417372112213189,"Estimable",0.0649163938684439,0.396441492486837,0.0034910767890974,"gxr","0",0.756869068934904
"FBR1N45",0.568132497170409,0.0422264689943946,"Estimable",0.0649163938684439,0.396441492486837,0.0034910767890974,"gxr","0",0.756869068934904
"FBR1N47",0.546002553126933,0.0430992157821394,"Estimable",0.0649163938684439,0.396441492486837,0.0034910767890974,"gxr","0",0.756869068934904
"FBR1N48",0.58163926771257,0.0408454716656518,"Estimable",0.0649163938684439,0.396441492486837,0.0034910767890974,"gxr","1",0.756869068934904
"FBR1N50",0.540233786987916,0.0425758662164213,"Estimable",0.0649163938684439,0.396441492486837,0.0034910767890974,"gxr","1",0.756869068934904
"FBR1N56",0.619521507624999,0.041621516739391,"Estimable",0.0649163938684439,0.396441492486837,0.0034910767890974,"gxr","0",0.756869068934904
"FBR1N58",0.615321620746855,0.0431584475750393,"Estimable",0.0649163938684439,0.396441492486837,0.0034910767890974,"gxr","1",0.756869068934904
"FBR1N60",0.485211400139263,0.0420683353625032,"Estimable",0.0649163938684439,0.396441492486837,0.0034910767890974,"gxr","1",0.756869068934904
"FBR1N62",0.546169778983955,0.0414181195032724,"Estimable",0.0649163938684439,0.396441492486837,0.0034910767890974,"gxr","1",0.756869068934904
"FBR1N63",0.596142667545701,0.0408527437620412,"Estimable",0.0649163938684439,0.396441492486837,0.0034910767890974,"gxr","0",0.756869068934904
"FBR1N64",0.561344817560498,0.0420117497173891,"Estimable",0.0649163938684439,0.396441492486837,0.0034910767890974,"gxr","1",0.756869068934904
"FBR1N67",0.569828703850372,0.0409065689757506,"Estimable",0.0649163938684439,0.396441492486837,0.0034910767890974,"gxr","1",0.756869068934904
"FBR1N68",0.556309286083532,0.0424052526493412,"Estimable",0.0649163938684439,0.396441492486837,0.0034910767890974,"gxr","1",0.756869068934904
"FBR1N69",0.540713476700078,0.0426292889935492,"Estimable",0.0649163938684439,0.396441492486837,0.0034910767890974,"gxr","1",0.756869068934904
"FBR1N7",0.532468251858665,0.042506236980926,"Estimable",0.0649163938684439,0.396441492486837,0.0034910767890974,"gxr","1",0.756869068934904
"FBR1N71",0.546208694134164,0.0433863772144961,"Estimable",0.0649163938684439,0.396441492486837,0.0034910767890974,"gxr","1",0.756869068934904
"FBR1N73",0.567679425635394,0.042001115887678,"Estimable",0.0649163938684439,0.396441492486837,0.0034910767890974,"gxr","0",0.756869068934904
"FBR1N75",0.51114494816769,0.0431937866808795,"Estimable",0.0649163938684439,0.396441492486837,0.0034910767890974,"gxr","0",0.756869068934904
"FBR1N77",0.582856064896535,0.0426766435535344,"Estimable",0.0649163938684439,0.396441492486837,0.0034910767890974,"gxr","1",0.756869068934904
"FBR1N78",0.658696792728348,0.0430877058234745,"Estimable",0.0649163938684439,0.396441492486837,0.0034910767890974,"gxr","1",0.756869068934904
"FBR1N8",0.519116568402044,0.0424223921236827,"Estimable",0.0649163938684439,0.396441492486837,0.0034910767890974,"gxr","0",0.756869068934904
"FBR1N80",0.535485424810764,0.043860595081574,"Estimable",0.0649163938684439,0.396441492486837,0.0034910767890974,"gxr","1",0.756869068934904
"FBR1N82",0.618245711793534,0.0428015328057134,"Estimable",0.0649163938684439,0.396441492486837,0.0034910767890974,"gxr","1",0.756869068934904
"FBR1N83",0.577013354666731,0.0429030438202134,"Estimable",0.0649163938684439,0.396441492486837,0.0034910767890974,"gxr","1",0.756869068934904
"FBR1N84",0.646618950187769,0.0425835693780808,"Estimable",0.0649163938684439,0.396441492486837,0.0034910767890974,"gxr","0",0.756869068934904
"FBR1N86",0.59331581990788,0.0419578372190397,"Estimable",0.0649163938684439,0.396441492486837,0.0034910767890974,"gxr","1",0.756869068934904
"FBR1N88",0.592700793172583,0.0431495805195923,"Estimable",0.0649163938684439,0.396441492486837,0.0034910767890974,"gxr","1",0.756869068934904
"FBR1N89",0.506624127230842,0.041607449129474,"Estimable",0.0649163938684439,0.396441492486837,0.0034910767890974,"gxr","1",0.756869068934904
"FBR1N9",0.566795242520879,0.0423074898097757,"Estimable",0.0649163938684439,0.396441492486837,0.0034910767890974,"gxr","0",0.756869068934904
"FBR1N90",0.599718478858823,0.0416627927269677,"Estimable",0.0649163938684439,0.396441492486837,0.0034910767890974,"gxr","1",0.756869068934904
"FBR1N91",0.600645506463786,0.0410860206819074,"Estimable",0.0649163938684439,0.396441492486837,0.0034910767890974,"gxr","1",0.756869068934904
"FBR1N92",0.562632816103619,0.0421889007306725,"Estimable",0.0649163938684439,0.396441492486837,0.0034910767890974,"gxr","1",0.756869068934904
"FBR1N94",0.537111378483628,0.0431821447330451,"Estimable",0.0649163938684439,0.396441492486837,0.0034910767890974,"gxr","0",0.756869068934904
"FBR1N97",0.586195920007366,0.0429913806416946,"Estimable",0.0649163938684439,0.396441492486837,0.0034910767890974,"gxr","1",0.756869068934904
"FBR1N98",0.603393003879103,0.0427846963102049,"Estimable",0.0649163938684439,0.396441492486837,0.0034910767890974,"gxr","1",0.756869068934904
"FBR1N99",0.617263875384908,0.0422236323466828,"Estimable",0.0649163938684439,0.396441492486837,0.0034910767890974,"gxr","0",0.756869068934904
"FBR2N1",0.60327582312578,0.0427409452782347,"Estimable",0.0649163938684439,0.396441492486837,0.0034910767890974,"gxr","1",0.756869068934904
"FBR2N10",0.546723946451117,0.0427399658251619,"Estimable",0.0649163938684439,0.396441492486837,0.0034910767890974,"gxr","1",0.756869068934904
"FBR2N101",0.589495862999102,0.0427999453057687,"Estimable",0.0649163938684439,0.396441492486837,0.0034910767890974,"gxr","0",0.756869068934904
"FBR2N102",0.60148215964346,0.0442162285138106,"Estimable",0.0649163938684439,0.396441492486837,0.0034910767890974,"gxr","0",0.756869068934904
"FBR2N11",0.518306381874585,0.0428341187985683,"Estimable",0.0649163938684439,0.396441492486837,0.0034910767890974,"gxr","0",0.756869068934904
"FBR2N12",0.525131799046844,0.0430814484468552,"Estimable",0.0649163938684439,0.396441492486837,0.0034910767890974,"gxr","1",0.756869068934904
"FBR2N13",0.597376447915841,0.0416557443084257,"Estimable",0.0649163938684439,0.396441492486837,0.0034910767890974,"gxr","1",0.756869068934904
"FBR2N16",0.579804618369147,0.0419166229662643,"Estimable",0.0649163938684439,0.396441492486837,0.0034910767890974,"gxr","0",0.756869068934904
"FBR2N17",0.559532884167991,0.0428200803564742,"Estimable",0.0649163938684439,0.396441492486837,0.0034910767890974,"gxr","1",0.756869068934904
"FBR2N18",0.582235614748875,0.042630005910995,"Estimable",0.0649163938684439,0.396441492486837,0.0034910767890974,"gxr","0",0.756869068934904
"FBR2N2",0.611898919291765,0.0438642449535473,"Estimable",0.0649163938684439,0.396441492486837,0.0034910767890974,"gxr","1",0.756869068934904
"FBR2N20",0.541797053407458,0.0428040659081711,"Estimable",0.0649163938684439,0.396441492486837,0.0034910767890974,"gxr","1",0.756869068934904
"FBR2N21",0.628214229416208,0.042064741006662,"Estimable",0.0649163938684439,0.396441492486837,0.0034910767890974,"gxr","1",0.756869068934904
"FBR2N23",0.576446676996215,0.0478350741523837,"Estimable",0.0649163938684439,0.396441492486837,0.0034910767890974,"gxr","0",0.756869068934904
"FBR2N24",0.588618317653893,0.0420983359279047,"Estimable",0.0649163938684439,0.396441492486837,0.0034910767890974,"gxr","1",0.756869068934904
"FBR2N26",0.571072318614703,0.0420588556407129,"Estimable",0.0649163938684439,0.396441492486837,0.0034910767890974,"gxr","1",0.756869068934904
"FBR2N27",0.515318704459875,0.0430173736967709,"Estimable",0.0649163938684439,0.396441492486837,0.0034910767890974,"gxr","1",0.756869068934904
"FBR2N28",0.588133531488527,0.0429627982478372,"Estimable",0.0649163938684439,0.396441492486837,0.0034910767890974,"gxr","0",0.756869068934904
"FBR2N3",0.618238629312416,0.0417340340535267,"Estimable",0.0649163938684439,0.396441492486837,0.0034910767890974,"gxr","0",0.756869068934904
"FBR2N30",0.58936358758683,0.0428396788404678,"Estimable",0.0649163938684439,0.396441492486837,0.0034910767890974,"gxr","1",0.756869068934904
"FBR2N32",0.56352280856614,0.0430081921376005,"Estimable",0.0649163938684439,0.396441492486837,0.0034910767890974,"gxr","0",0.756869068934904
"FBR2N35",0.539218825773233,0.0409317575993317,"Estimable",0.0649163938684439,0.396441492486837,0.0034910767890974,"gxr","1",0.756869068934904
"FBR2N37",0.523767448118759,0.0430649993367311,"Estimable",0.0649163938684439,0.396441492486837,0.0034910767890974,"gxr","1",0.756869068934904
"FBR2N38",0.491502447921239,0.0426650855632821,"Estimable",0.0649163938684439,0.396441492486837,0.0034910767890974,"gxr","1",0.756869068934904
"FBR2N40",0.613637808759308,0.0425714247428917,"Estimable",0.0649163938684439,0.396441492486837,0.0034910767890974,"gxr","1",0.756869068934904
"FBR2N41",0.576455982867724,0.0432490018392208,"Estimable",0.0649163938684439,0.396441492486837,0.0034910767890974,"gxr","0",0.756869068934904
"FBR2N42",0.565552859699472,0.0427637889634492,"Estimable",0.0649163938684439,0.396441492486837,0.0034910767890974,"gxr","1",0.756869068934904
"FBR2N43",0.584499761788164,0.0432668691738773,"Estimable",0.0649163938684439,0.396441492486837,0.0034910767890974,"gxr","1",0.756869068934904
"FBR2N44",0.588179876771937,0.0420021318037872,"Estimable",0.0649163938684439,0.396441492486837,0.0034910767890974,"gxr","1",0.756869068934904
"FBR2N45",0.601987782220579,0.0417335377117263,"Estimable",0.0649163938684439,0.396441492486837,0.0034910767890974,"gxr","1",0.756869068934904
"FBR2N46",0.648505226338093,0.0422784609539523,"Estimable",0.0649163938684439,0.396441492486837,0.0034910767890974,"gxr","1",0.756869068934904
"FBR2N48",0.579910626506677,0.0414500442899602,"Estimable",0.0649163938684439,0.396441492486837,0.0034910767890974,"gxr","1",0.756869068934904
"FBR2N5",0.537777325934311,0.0428069984686824,"Estimable",0.0649163938684439,0.396441492486837,0.0034910767890974,"gxr","1",0.756869068934904
"FBR2N50",0.60902968491634,0.0436839422431725,"Estimable",0.0649163938684439,0.396441492486837,0.0034910767890974,"gxr","1",0.756869068934904
"FBR2N51",0.574949862692925,0.0417377428445643,"Estimable",0.0649163938684439,0.396441492486837,0.0034910767890974,"gxr","0",0.756869068934904
"FBR2N53",0.529328173411269,0.0420065018896694,"Estimable",0.0649163938684439,0.396441492486837,0.0034910767890974,"gxr","1",0.756869068934904
"FBR2N55",0.574760489104191,0.0433464768769941,"Estimable",0.0649163938684439,0.396441492486837,0.0034910767890974,"gxr","0",0.756869068934904
"FBR2N56",0.53261373649088,0.0421676202377361,"Estimable",0.0649163938684439,0.396441492486837,0.0034910767890974,"gxr","0",0.756869068934904
"FBR2N57",0.524027772259192,0.0430345833726033,"Estimable",0.0649163938684439,0.396441492486837,0.0034910767890974,"gxr","1",0.756869068934904
"FBR2N58",0.613717401996309,0.0412632955696309,"Estimable",0.0649163938684439,0.396441492486837,0.0034910767890974,"gxr","1",0.756869068934904
"FBR2N59",0.562843018129212,0.0417005587914108,"Estimable",0.0649163938684439,0.396441492486837,0.0034910767890974,"gxr","0",0.756869068934904
"FBR2N61",0.560762558045451,0.0415860877086905,"Estimable",0.0649163938684439,0.396441492486837,0.0034910767890974,"gxr","1",0.756869068934904
"FBR2N62",0.562242122984429,0.0436316729259845,"Estimable",0.0649163938684439,0.396441492486837,0.0034910767890974,"gxr","1",0.756869068934904
"FBR2N64",0.568099273691747,0.0420775575502091,"Estimable",0.0649163938684439,0.396441492486837,0.0034910767890974,"gxr","0",0.756869068934904
"FBR2N66",0.565665420665429,0.0433439716138536,"Estimable",0.0649163938684439,0.396441492486837,0.0034910767890974,"gxr","1",0.756869068934904
"FBR2N67",0.525040071038277,0.0438618751812887,"Estimable",0.0649163938684439,0.396441492486837,0.0034910767890974,"gxr","1",0.756869068934904
"FBR2N68",0.583899746303467,0.042951317020965,"Estimable",0.0649163938684439,0.396441492486837,0.0034910767890974,"gxr","0",0.756869068934904
"FBR2N7",0.523283569197881,0.043233689623146,"Estimable",0.0649163938684439,0.396441492486837,0.0034910767890974,"gxr","1",0.756869068934904
"FBR2N71",0.574306001915768,0.0415696787536608,"Estimable",0.0649163938684439,0.396441492486837,0.0034910767890974,"gxr","0",0.756869068934904
"FBR2N72",0.567305420239821,0.0412706187973409,"Estimable",0.0649163938684439,0.396441492486837,0.0034910767890974,"gxr","0",0.756869068934904
"FBR2N73",0.624237351481099,0.0426581531267336,"Estimable",0.0649163938684439,0.396441492486837,0.0034910767890974,"gxr","0",0.756869068934904
"FBR2N75",0.535843942374415,0.0430221563393849,"Estimable",0.0649163938684439,0.396441492486837,0.0034910767890974,"gxr","0",0.756869068934904
"FBR2N78",0.501552111993948,0.042809139393763,"Estimable",0.0649163938684439,0.396441492486837,0.0034910767890974,"gxr","0",0.756869068934904
"FBR2N8",0.521248058584674,0.0425629361889623,"Estimable",0.0649163938684439,0.396441492486837,0.0034910767890974,"gxr","1",0.756869068934904
"FBR2N80",0.501890049675593,0.0430670493143923,"Estimable",0.0649163938684439,0.396441492486837,0.0034910767890974,"gxr","0",0.756869068934904
"FBR2N81",0.539459488699874,0.0441877323085089,"Estimable",0.0649163938684439,0.396441492486837,0.0034910767890974,"gxr","0",0.756869068934904
"FBR2N83",0.580707629277101,0.0427881302826325,"Estimable",0.0649163938684439,0.396441492486837,0.0034910767890974,"gxr","0",0.756869068934904
"FBR2N86",0.53105956875943,0.0434705903565248,"Estimable",0.0649163938684439,0.396441492486837,0.0034910767890974,"gxr","1",0.756869068934904
"FBR2N87",0.566201358002628,0.043823945472538,"Estimable",0.0649163938684439,0.396441492486837,0.0034910767890974,"gxr","1",0.756869068934904
"FBR2N88",0.605321496204741,0.0420359783402767,"Estimable",0.0649163938684439,0.396441492486837,0.0034910767890974,"gxr","0",0.756869068934904
"FBR2N89",0.530324625184714,0.0423527733606792,"Estimable",0.0649163938684439,0.396441492486837,0.0034910767890974,"gxr","0",0.756869068934904
"FBR2N9",0.610643475843443,0.0430007647901785,"Estimable",0.0649163938684439,0.396441492486837,0.0034910767890974,"gxr","1",0.756869068934904
"FBR2N90",0.600631933666349,0.0415123653405657,"Estimable",0.0649163938684439,0.396441492486837,0.0034910767890974,"gxr","0",0.756869068934904
"FBR2N93",0.590403324569866,0.0420241018706978,"Estimable",0.0649163938684439,0.396441492486837,0.0034910767890974,"gxr","0",0.756869068934904
"FBR2N94",0.537458584302002,0.0430782030071722,"Estimable",0.0649163938684439,0.396441492486837,0.0034910767890974,"gxr","0",0.756869068934904
"FBR2N97",0.537009702182413,0.0423713683425466,"Estimable",0.0649163938684439,0.396441492486837,0.0034910767890974,"gxr","0",0.756869068934904
"FBR3N1",0.572804951696946,0.0415293739048985,"Estimable",0.0649163938684439,0.396441492486837,0.0034910767890974,"gxr","1",0.756869068934904
"FBR3N10",0.557097447243712,0.0431207235376526,"Estimable",0.0649163938684439,0.396441492486837,0.0034910767890974,"gxr","1",0.756869068934904
"FBR3N102",0.511831475675169,0.0423788831798563,"Estimable",0.0649163938684439,0.396441492486837,0.0034910767890974,"gxr","1",0.756869068934904
"FBR3N104",0.593864005731755,0.0431298589270803,"Estimable",0.0649163938684439,0.396441492486837,0.0034910767890974,"gxr","0",0.756869068934904
"FBR3N11",0.550647997165118,0.042211404249785,"Estimable",0.0649163938684439,0.396441492486837,0.0034910767890974,"gxr","0",0.756869068934904
"FBR3N12",0.602142728182519,0.0424844087380177,"Estimable",0.0649163938684439,0.396441492486837,0.0034910767890974,"gxr","1",0.756869068934904
"FBR3N13",0.508916437425919,0.0425695392861799,"Estimable",0.0649163938684439,0.396441492486837,0.0034910767890974,"gxr","0",0.756869068934904
"FBR3N19",0.537696591762802,0.0442351064043824,"Estimable",0.0649163938684439,0.396441492486837,0.0034910767890974,"gxr","0",0.756869068934904
"FBR3N20",0.577321209935831,0.0429976045921252,"Estimable",0.0649163938684439,0.396441492486837,0.0034910767890974,"gxr","1",0.756869068934904
"FBR3N22",0.556219939941446,0.0429724766717311,"Estimable",0.0649163938684439,0.396441492486837,0.0034910767890974,"gxr","1",0.756869068934904
"FBR3N23",0.569341748990847,0.0422581532726032,"Estimable",0.0649163938684439,0.396441492486837,0.0034910767890974,"gxr","1",0.756869068934904
"FBR3N24",0.587848776648206,0.0423354293757241,"Estimable",0.0649163938684439,0.396441492486837,0.0034910767890974,"gxr","1",0.756869068934904
"FBR3N26",0.526831020520093,0.043192134787049,"Estimable",0.0649163938684439,0.396441492486837,0.0034910767890974,"gxr","0",0.756869068934904
"FBR3N28",0.635305080187817,0.0420183731948955,"Estimable",0.0649163938684439,0.396441492486837,0.0034910767890974,"gxr","1",0.756869068934904
"FBR3N29",0.586267359512041,0.0428655374330576,"Estimable",0.0649163938684439,0.396441492486837,0.0034910767890974,"gxr","0",0.756869068934904
"FBR3N31",0.564221793322666,0.0425704816942233,"Estimable",0.0649163938684439,0.396441492486837,0.0034910767890974,"gxr","1",0.756869068934904
"FBR3N32",0.556508673624533,0.0434079729461412,"Estimable",0.0649163938684439,0.396441492486837,0.0034910767890974,"gxr","0",0.756869068934904
"FBR3N33",0.633884130871699,0.041305072061898,"Estimable",0.0649163938684439,0.396441492486837,0.0034910767890974,"gxr","1",0.756869068934904
"FBR3N34",0.562747034561569,0.0418024068759533,"Estimable",0.0649163938684439,0.396441492486837,0.0034910767890974,"gxr","1",0.756869068934904
"FBR3N35",0.496654703496987,0.0420939628559719,"Estimable",0.0649163938684439,0.396441492486837,0.0034910767890974,"gxr","0",0.756869068934904
"FBR3N37",0.529271547588307,0.0419180082791432,"Estimable",0.0649163938684439,0.396441492486837,0.0034910767890974,"gxr","0",0.756869068934904
"FBR3N38",0.554592612166327,0.0418731991631977,"Estimable",0.0649163938684439,0.396441492486837,0.0034910767890974,"gxr","1",0.756869068934904
"FBR3N39",0.531674473385947,0.0442085680150922,"Estimable",0.0649163938684439,0.396441492486837,0.0034910767890974,"gxr","0",0.756869068934904
"FBR3N41",0.607062185572364,0.0427221812946066,"Estimable",0.0649163938684439,0.396441492486837,0.0034910767890974,"gxr","1",0.756869068934904
"FBR3N44",0.559428870845171,0.0420726911396396,"Estimable",0.0649163938684439,0.396441492486837,0.0034910767890974,"gxr","0",0.756869068934904
"FBR3N45",0.517252341482442,0.0418018950351142,"Estimable",0.0649163938684439,0.396441492486837,0.0034910767890974,"gxr","0",0.756869068934904
"FBR3N47",0.602935709237351,0.042297420970057,"Estimable",0.0649163938684439,0.396441492486837,0.0034910767890974,"gxr","1",0.756869068934904
"FBR3N48",0.587403093775249,0.043364784412227,"Estimable",0.0649163938684439,0.396441492486837,0.0034910767890974,"gxr","0",0.756869068934904
"FBR3N5",0.545551579365023,0.0422228505549525,"Estimable",0.0649163938684439,0.396441492486837,0.0034910767890974,"gxr","0",0.756869068934904
"FBR3N52",0.53054697901694,0.0427861208435952,"Estimable",0.0649163938684439,0.396441492486837,0.0034910767890974,"gxr","0",0.756869068934904
"FBR3N55",0.588890887127425,0.0416132337282252,"Estimable",0.0649163938684439,0.396441492486837,0.0034910767890974,"gxr","0",0.756869068934904
"FBR3N57",0.529878052226089,0.0425405313348366,"Estimable",0.0649163938684439,0.396441492486837,0.0034910767890974,"gxr","0",0.756869068934904
"FBR3N59",0.596567808770645,0.0431773875685987,"Estimable",0.0649163938684439,0.396441492486837,0.0034910767890974,"gxr","0",0.756869068934904
"FBR3N60",0.54735935651217,0.0437875674713927,"Estimable",0.0649163938684439,0.396441492486837,0.0034910767890974,"gxr","1",0.756869068934904
"FBR3N61",0.535581672190187,0.0430345139131807,"Estimable",0.0649163938684439,0.396441492486837,0.0034910767890974,"gxr","1",0.756869068934904
"FBR3N63",0.579981338073635,0.0419609133234804,"Estimable",0.0649163938684439,0.396441492486837,0.0034910767890974,"gxr","0",0.756869068934904
"FBR3N66",0.539135654232315,0.0415627447457823,"Estimable",0.0649163938684439,0.396441492486837,0.0034910767890974,"gxr","1",0.756869068934904
"FBR3N69",0.507703320958911,0.0422043117258254,"Estimable",0.0649163938684439,0.396441492486837,0.0034910767890974,"gxr","0",0.756869068934904
"FBR3N72",0.497407983216189,0.0435955088150908,"Estimable",0.0649163938684439,0.396441492486837,0.0034910767890974,"gxr","0",0.756869068934904
"FBR3N73",0.556865252728442,0.0427160335672343,"Estimable",0.0649163938684439,0.396441492486837,0.0034910767890974,"gxr","0",0.756869068934904
"FBR3N75",0.534649877777716,0.0435736620082286,"Estimable",0.0649163938684439,0.396441492486837,0.0034910767890974,"gxr","0",0.756869068934904
"FBR3N77",0.500713388498951,0.0425408697915739,"Estimable",0.0649163938684439,0.396441492486837,0.0034910767890974,"gxr","0",0.756869068934904
"FBR3N78",0.576903308070895,0.0409301690643052,"Estimable",0.0649163938684439,0.396441492486837,0.0034910767890974,"gxr","1",0.756869068934904
"FBR3N8",0.535543482542307,0.0418352120100769,"Estimable",0.0649163938684439,0.396441492486837,0.0034910767890974,"gxr","0",0.756869068934904
"FBR3N80",0.595401374787309,0.043057947285193,"Estimable",0.0649163938684439,0.396441492486837,0.0034910767890974,"gxr","0",0.756869068934904
"FBR3N81",0.575160733131469,0.0432433371154831,"Estimable",0.0649163938684439,0.396441492486837,0.0034910767890974,"gxr","0",0.756869068934904
"FBR3N82",0.598342646250636,0.0411259853271549,"Estimable",0.0649163938684439,0.396441492486837,0.0034910767890974,"gxr","1",0.756869068934904
"FBR3N84",0.59105538961201,0.0441119816943297,"Estimable",0.0649163938684439,0.396441492486837,0.0034910767890974,"gxr","1",0.756869068934904
"FBR3N9",0.617033475865195,0.041965793072717,"Estimable",0.0649163938684439,0.396441492486837,0.0034910767890974,"gxr","1",0.756869068934904
"FBR3N90",0.543182583927925,0.0426404832759925,"Estimable",0.0649163938684439,0.396441492486837,0.0034910767890974,"gxr","1",0.756869068934904
"FBR3N93",0.577999266554898,0.043454980520861,"Estimable",0.0649163938684439,0.396441492486837,0.0034910767890974,"gxr","1",0.756869068934904
"FBR3N94",0.541161370555428,0.0402877759845326,"Estimable",0.0649163938684439,0.396441492486837,0.0034910767890974,"gxr","0",0.756869068934904
"FBR3N95",0.571764968868185,0.0420116262750229,"Estimable",0.0649163938684439,0.396441492486837,0.0034910767890974,"gxr","1",0.756869068934904
"LAR1N100",0.60486136088175,0.0515300653947877,"Estimable",0.0649163938684439,0.396441492486837,0.0034910767890974,"pxw","0",0.459136454051326
"LAR1N103",0.664652622982346,0.0527950939021693,"Estimable",0.0649163938684439,0.396441492486837,0.0034910767890974,"pxw","0",0.459136454051326
"LAR1N106",0.591897224141879,0.0500250882818603,"Estimable",0.0649163938684439,0.396441492486837,0.0034910767890974,"pxw","1",0.459136454051326
"LAR1N107",0.556994792030068,0.0523610691139799,"Estimable",0.0649163938684439,0.396441492486837,0.0034910767890974,"pxw","1",0.459136454051326
"LAR1N108",0.598979886104384,0.0526929832181167,"Estimable",0.0649163938684439,0.396441492486837,0.0034910767890974,"pxw","0",0.459136454051326
"LAR1N109",0.631428297040152,0.0515260664338426,"Estimable",0.0649163938684439,0.396441492486837,0.0034910767890974,"pxw","0",0.459136454051326
"LAR1N111",0.581207523985828,0.0494601401831804,"Estimable",0.0649163938684439,0.396441492486837,0.0034910767890974,"pxw","0",0.459136454051326
"LAR1N114",0.596670779242401,0.0508776924018234,"Estimable",0.0649163938684439,0.396441492486837,0.0034910767890974,"pxw","0",0.459136454051326
"LAR1N117",0.609636773502636,0.0531932938223329,"Estimable",0.0649163938684439,0.396441492486837,0.0034910767890974,"pxw","1",0.459136454051326
"LAR1N119",0.628494382884666,0.0516929457599224,"Estimable",0.0649163938684439,0.396441492486837,0.0034910767890974,"pxw","0",0.459136454051326
"LAR1N125",0.570654334642502,0.0517895494888008,"Estimable",0.0649163938684439,0.396441492486837,0.0034910767890974,"pxw","1",0.459136454051326
"LAR1N69",0.600181706631554,0.0517502550389666,"Estimable",0.0649163938684439,0.396441492486837,0.0034910767890974,"pxw","1",0.459136454051326
"LAR1N72",0.571435281313065,0.0516830256782268,"Estimable",0.0649163938684439,0.396441492486837,0.0034910767890974,"pxw","1",0.459136454051326
"LAR1N74",0.62673872755402,0.0508349279610567,"Estimable",0.0649163938684439,0.396441492486837,0.0034910767890974,"pxw","0",0.459136454051326
"LAR1N75",0.595606013723589,0.0520693741001383,"Estimable",0.0649163938684439,0.396441492486837,0.0034910767890974,"pxw","1",0.459136454051326
"LAR1N78",0.597489268191021,0.054197080540062,"Estimable",0.0649163938684439,0.396441492486837,0.0034910767890974,NA,NA,NA
"LAR1N79",0.586973581099137,0.050965251412659,"Estimable",0.0649163938684439,0.396441492486837,0.0034910767890974,"pxw","1",0.459136454051326
"LAR1N81",0.640080609576945,0.052220652564191,"Estimable",0.0649163938684439,0.396441492486837,0.0034910767890974,"pxw","0",0.459136454051326
"LAR1N83",0.633722208428602,0.0524130112924244,"Estimable",0.0649163938684439,0.396441492486837,0.0034910767890974,"pxw","0",0.459136454051326
"LAR1N85",0.636735422352519,0.0516655081397645,"Estimable",0.0649163938684439,0.396441492486837,0.0034910767890974,"pxw","1",0.459136454051326
"LAR1N91",0.611755749106804,0.0499235805436563,"Estimable",0.0649163938684439,0.396441492486837,0.0034910767890974,"pxw","0",0.459136454051326
"LAR1N98",0.569395981012502,0.0508576847380448,"Estimable",0.0649163938684439,0.396441492486837,0.0034910767890974,"pxw","1",0.459136454051326
"LAR1N99",0.653089276058992,0.0525746211256031,"Estimable",0.0649163938684439,0.396441492486837,0.0034910767890974,"pxw","0",0.459136454051326
"LAR2N1",0.612083160202229,0.0511457575294905,"Estimable",0.0649163938684439,0.396441492486837,0.0034910767890974,"pxw","1",0.459136454051326
"LAR2N10",0.562679635417689,0.0503358114831691,"Estimable",0.0649163938684439,0.396441492486837,0.0034910767890974,"pxw","1",0.459136454051326
"LAR2N100",0.583330406552223,0.0509248394639363,"Estimable",0.0649163938684439,0.396441492486837,0.0034910767890974,"pxw","1",0.459136454051326
"LAR2N101",0.571520155626855,0.0491275633600231,"Estimable",0.0649163938684439,0.396441492486837,0.0034910767890974,"pxw","1",0.459136454051326
"LAR2N102",0.61671658139995,0.0519598029097779,"Estimable",0.0649163938684439,0.396441492486837,0.0034910767890974,"pxw","1",0.459136454051326
"LAR2N103",0.668393101119687,0.0516320496789017,"Estimable",0.0649163938684439,0.396441492486837,0.0034910767890974,"pxw","0",0.459136454051326
"LAR2N11",0.568902991674854,0.0512270277748361,"Estimable",0.0649163938684439,0.396441492486837,0.0034910767890974,"pxw","1",0.459136454051326
"LAR2N110",0.606831836928509,0.0515420131147956,"Estimable",0.0649163938684439,0.396441492486837,0.0034910767890974,NA,NA,NA
"LAR2N112",0.650865428515521,0.0513827194278952,"Estimable",0.0649163938684439,0.396441492486837,0.0034910767890974,"pxw","0",0.459136454051326
"LAR2N113",0.529314084536543,0.0512556708492871,"Estimable",0.0649163938684439,0.396441492486837,0.0034910767890974,"pxw","1",0.459136454051326
"LAR2N115",0.55032222775431,0.0500007150366653,"Estimable",0.0649163938684439,0.396441492486837,0.0034910767890974,"pxw","0",0.459136454051326
"LAR2N117",0.667791069728126,0.0500019082349925,"Estimable",0.0649163938684439,0.396441492486837,0.0034910767890974,"pxw","0",0.459136454051326
"LAR2N119",0.542306668173731,0.0519329029395272,"Estimable",0.0649163938684439,0.396441492486837,0.0034910767890974,NA,NA,NA
"LAR2N12",0.628818003392412,0.0507785916145678,"Estimable",0.0649163938684439,0.396441492486837,0.0034910767890974,"pxw","1",0.459136454051326
"LAR2N120",0.618794078798617,0.0511441020028911,"Estimable",0.0649163938684439,0.396441492486837,0.0034910767890974,"pxw","0",0.459136454051326
"LAR2N121",0.595433624062137,0.054344154751846,"Estimable",0.0649163938684439,0.396441492486837,0.0034910767890974,NA,NA,NA
"LAR2N17",0.603433146497208,0.0495284650332914,"Estimable",0.0649163938684439,0.396441492486837,0.0034910767890974,"pxw","1",0.459136454051326
"LAR2N18",0.529018811325454,0.0516748971627006,"Estimable",0.0649163938684439,0.396441492486837,0.0034910767890974,"pxw","1",0.459136454051326
"LAR2N2",0.619818044390312,0.0535676031163845,"Estimable",0.0649163938684439,0.396441492486837,0.0034910767890974,"pxw","1",0.459136454051326
"LAR2N20",0.603146623063821,0.0507381000638433,"Estimable",0.0649163938684439,0.396441492486837,0.0034910767890974,"pxw","0",0.459136454051326
"LAR2N21",0.637848949466134,0.0533750904065162,"Estimable",0.0649163938684439,0.396441492486837,0.0034910767890974,"pxw","1",0.459136454051326
"LAR2N22",0.604471570073829,0.0529505311189314,"Estimable",0.0649163938684439,0.396441492486837,0.0034910767890974,NA,NA,NA
"LAR2N23",0.628380378711481,0.0511039649986111,"Estimable",0.0649163938684439,0.396441492486837,0.0034910767890974,NA,NA,NA
"LAR2N28",0.600878782296082,0.0521539399061935,"Estimable",0.0649163938684439,0.396441492486837,0.0034910767890974,"pxw","0",0.459136454051326
"LAR2N29",0.643404210680462,0.0516396204250492,"Estimable",0.0649163938684439,0.396441492486837,0.0034910767890974,"pxw","0",0.459136454051326
"LAR2N3",0.632653097614027,0.0509045205843003,"Estimable",0.0649163938684439,0.396441492486837,0.0034910767890974,"pxw","0",0.459136454051326
"LAR2N31",0.639282013043451,0.0510941728077117,"Estimable",0.0649163938684439,0.396441492486837,0.0034910767890974,"pxw","0",0.459136454051326
"LAR2N32",0.591278611727218,0.0515825062881927,"Estimable",0.0649163938684439,0.396441492486837,0.0034910767890974,"pxw","1",0.459136454051326
"LAR2N33",0.619219122450728,0.0526393132501806,"Estimable",0.0649163938684439,0.396441492486837,0.0034910767890974,"pxw","0",0.459136454051326
"LAR2N34",0.571868300058384,0.0488771060457332,"Estimable",0.0649163938684439,0.396441492486837,0.0034910767890974,"pxw","1",0.459136454051326
"LAR2N35",0.61363600711648,0.0513020878678886,"Estimable",0.0649163938684439,0.396441492486837,0.0034910767890974,"pxw","0",0.459136454051326
"LAR2N36",0.619140686040247,0.0516441639898776,"Estimable",0.0649163938684439,0.396441492486837,0.0034910767890974,"pxw","1",0.459136454051326
"LAR2N37",0.634055137498245,0.0506518129659788,"Estimable",0.0649163938684439,0.396441492486837,0.0034910767890974,"pxw","0",0.459136454051326
"LAR2N38",0.608572089612842,0.0496182362024085,"Estimable",0.0649163938684439,0.396441492486837,0.0034910767890974,"pxw","0",0.459136454051326
"LAR2N39",0.62704678319941,0.0506937261262369,"Estimable",0.0649163938684439,0.396441492486837,0.0034910767890974,"pxw","1",0.459136454051326
"LAR2N40",0.653795487040711,0.0519992540131177,"Estimable",0.0649163938684439,0.396441492486837,0.0034910767890974,"pxw","0",0.459136454051326
"LAR2N42",0.639882108835426,0.0525351838726779,"Estimable",0.0649163938684439,0.396441492486837,0.0034910767890974,"pxw","0",0.459136454051326
"LAR2N44",0.649042086916018,0.052507101430595,"Estimable",0.0649163938684439,0.396441492486837,0.0034910767890974,"pxw","0",0.459136454051326
"LAR2N54",0.649878751952918,0.05003647246494,"Estimable",0.0649163938684439,0.396441492486837,0.0034910767890974,"pxw","0",0.459136454051326
"LAR2N55",0.623459052474491,0.0523653998149956,"Estimable",0.0649163938684439,0.396441492486837,0.0034910767890974,"pxw","1",0.459136454051326
"LAR2N56",0.616908400345642,0.0524022626426463,"Estimable",0.0649163938684439,0.396441492486837,0.0034910767890974,"pxw","1",0.459136454051326
"LAR2N57",0.639578094144865,0.0493148387313289,"Estimable",0.0649163938684439,0.396441492486837,0.0034910767890974,"pxw","1",0.459136454051326
"LAR2N58",0.592074509183304,0.0500538251174152,"Estimable",0.0649163938684439,0.396441492486837,0.0034910767890974,"pxw","0",0.459136454051326
"LAR2N59",0.648610072084392,0.0501968947747067,"Estimable",0.0649163938684439,0.396441492486837,0.0034910767890974,"pxw","0",0.459136454051326
"LAR2N6",0.598504434902464,0.0523057700450963,"Estimable",0.0649163938684439,0.396441492486837,0.0034910767890974,"pxw","1",0.459136454051326
"LAR2N60",0.637974205013915,0.0523776574348251,"Estimable",0.0649163938684439,0.396441492486837,0.0034910767890974,"pxw","1",0.459136454051326
"LAR2N62",0.566993708678787,0.0510418276494171,"Estimable",0.0649163938684439,0.396441492486837,0.0034910767890974,"pxw","1",0.459136454051326
"LAR2N63",0.594134890806114,0.0501078133709539,"Estimable",0.0649163938684439,0.396441492486837,0.0034910767890974,"pxw","1",0.459136454051326
"LAR2N65",0.658256719277476,0.0500050651403567,"Estimable",0.0649163938684439,0.396441492486837,0.0034910767890974,"pxw","0",0.459136454051326
"LAR2N67",0.634122435632942,0.0523925631418236,"Estimable",0.0649163938684439,0.396441492486837,0.0034910767890974,"pxw","1",0.459136454051326
"LAR2N68",0.594547208211376,0.0526764105364148,"Estimable",0.0649163938684439,0.396441492486837,0.0034910767890974,"pxw","0",0.459136454051326
"LAR2N69",0.672259542252863,0.0522265320679367,"Estimable",0.0649163938684439,0.396441492486837,0.0034910767890974,"pxw","0",0.459136454051326
"LAR2N72",0.618861916784723,0.050763875546728,"Estimable",0.0649163938684439,0.396441492486837,0.0034910767890974,"pxw","0",0.459136454051326
"LAR2N73",0.639424744218445,0.0500929035199166,"Estimable",0.0649163938684439,0.396441492486837,0.0034910767890974,"pxw","0",0.459136454051326
"LAR2N75",0.598343623094138,0.0519842298666668,"Estimable",0.0649163938684439,0.396441492486837,0.0034910767890974,"pxw","1",0.459136454051326
"LAR2N76",0.569135752231043,0.0517270077762975,"Estimable",0.0649163938684439,0.396441492486837,0.0034910767890974,"pxw","1",0.459136454051326
"LAR2N77",0.642520191843186,0.0512446582959896,"Estimable",0.0649163938684439,0.396441492486837,0.0034910767890974,"pxw","1",0.459136454051326
"LAR2N79",0.595457061624265,0.0518479035035829,"Estimable",0.0649163938684439,0.396441492486837,0.0034910767890974,"pxw","1",0.459136454051326
"LAR2N8",0.623449074354854,0.0504111527863935,"Estimable",0.0649163938684439,0.396441492486837,0.0034910767890974,"pxw","1",0.459136454051326
"LAR2N84",0.591326681037514,0.0506104564145323,"Estimable",0.0649163938684439,0.396441492486837,0.0034910767890974,"pxw","1",0.459136454051326
"LAR2N86",0.620695948384308,0.0503850701152126,"Estimable",0.0649163938684439,0.396441492486837,0.0034910767890974,"pxw","1",0.459136454051326
"LAR2N88",0.62370956246089,0.0522722543311157,"Estimable",0.0649163938684439,0.396441492486837,0.0034910767890974,"pxw","0",0.459136454051326
"LAR2N90",0.679201332533297,0.0504987352262831,"Estimable",0.0649163938684439,0.396441492486837,0.0034910767890974,"pxw","0",0.459136454051326
"LAR2N91",0.63324741817468,0.0523440464732489,"Estimable",0.0649163938684439,0.396441492486837,0.0034910767890974,"pxw","0",0.459136454051326
"LAR2N92",0.615644578817341,0.05087920654842,"Estimable",0.0649163938684439,0.396441492486837,0.0034910767890974,"pxw","0",0.459136454051326
"LAR2N94",0.650285422358319,0.0512196778774104,"Estimable",0.0649163938684439,0.396441492486837,0.0034910767890974,"pxw","0",0.459136454051326
"LAR2N97",0.566071335442851,0.0520490628602872,"Estimable",0.0649163938684439,0.396441492486837,0.0034910767890974,"pxw","1",0.459136454051326
"LAR2N98",0.54745227438579,0.0513595529018323,"Estimable",0.0649163938684439,0.396441492486837,0.0034910767890974,"pxw","1",0.459136454051326
"LAR3N100",0.609554407115564,0.0511122465989167,"Estimable",0.0649163938684439,0.396441492486837,0.0034910767890974,"pxw","1",0.459136454051326
"LAR3N101",0.602822296378908,0.049636431883357,"Estimable",0.0649163938684439,0.396441492486837,0.0034910767890974,"pxw","1",0.459136454051326
"LAR3N108",0.578767240932438,0.0504137859097729,"Estimable",0.0649163938684439,0.396441492486837,0.0034910767890974,"pxw","1",0.459136454051326
"LAR3N109",0.597687724914518,0.0516600845903644,"Estimable",0.0649163938684439,0.396441492486837,0.0034910767890974,"pxw","0",0.459136454051326
"LAR3N112",0.668627910950995,0.0522333111927324,"Estimable",0.0649163938684439,0.396441492486837,0.0034910767890974,"pxw","0",0.459136454051326
"LAR3N113",0.618129918984544,0.0509101698446421,"Estimable",0.0649163938684439,0.396441492486837,0.0034910767890974,"pxw","1",0.459136454051326
"LAR3N114",0.603878659898749,0.0507704811995843,"Estimable",0.0649163938684439,0.396441492486837,0.0034910767890974,"pxw","1",0.459136454051326
"LAR3N118",0.621826223494364,0.0520560094102024,"Estimable",0.0649163938684439,0.396441492486837,0.0034910767890974,"pxw","0",0.459136454051326
"LAR3N12",0.635236327981909,0.0495915607344031,"Estimable",0.0649163938684439,0.396441492486837,0.0034910767890974,"pxw","0",0.459136454051326
"LAR3N120",0.573219810678897,0.0515913034776019,"Estimable",0.0649163938684439,0.396441492486837,0.0034910767890974,"pxw","1",0.459136454051326
"LAR3N123",0.542563494693167,0.0513951887791166,"Estimable",0.0649163938684439,0.396441492486837,0.0034910767890974,"pxw","1",0.459136454051326
"LAR3N124",0.566921894587456,0.0511090660447616,"Estimable",0.0649163938684439,0.396441492486837,0.0034910767890974,"pxw","1",0.459136454051326
"LAR3N14",0.660711748294178,0.0512129133285014,"Estimable",0.0649163938684439,0.396441492486837,0.0034910767890974,"pxw","0",0.459136454051326
"LAR3N15",0.623250492056072,0.0518930564541974,"Estimable",0.0649163938684439,0.396441492486837,0.0034910767890974,"pxw","1",0.459136454051326
"LAR3N16",0.611719234812796,0.0514626260308796,"Estimable",0.0649163938684439,0.396441492486837,0.0034910767890974,"pxw","1",0.459136454051326
"LAR3N17",0.640956768539813,0.0516460853365103,"Estimable",0.0649163938684439,0.396441492486837,0.0034910767890974,"pxw","1",0.459136454051326
"LAR3N2",0.52995505513923,0.051028584138383,"Estimable",0.0649163938684439,0.396441492486837,0.0034910767890974,"pxw","1",0.459136454051326
"LAR3N20",0.611250102110025,0.0532578539530333,"Estimable",0.0649163938684439,0.396441492486837,0.0034910767890974,"pxw","0",0.459136454051326
"LAR3N21",0.605143679996884,0.0489301844056172,"Estimable",0.0649163938684439,0.396441492486837,0.0034910767890974,"pxw","1",0.459136454051326
"LAR3N23",0.640606349774911,0.0513873360059369,"Estimable",0.0649163938684439,0.396441492486837,0.0034910767890974,"pxw","0",0.459136454051326
"LAR3N26",0.60998000601047,0.0495526381598967,"Estimable",0.0649163938684439,0.396441492486837,0.0034910767890974,"pxw","0",0.459136454051326
"LAR3N28",0.620599823247014,0.0516640959358961,"Estimable",0.0649163938684439,0.396441492486837,0.0034910767890974,"pxw","0",0.459136454051326
"LAR3N3",0.603174064244322,0.0518233757073097,"Estimable",0.0649163938684439,0.396441492486837,0.0034910767890974,"pxw","1",0.459136454051326
"LAR3N30",0.617370380628018,0.0504011447215688,"Estimable",0.0649163938684439,0.396441492486837,0.0034910767890974,"pxw","0",0.459136454051326
"LAR3N31",0.617581441920957,0.0498655946320123,"Estimable",0.0649163938684439,0.396441492486837,0.0034910767890974,"pxw","1",0.459136454051326
"LAR3N32",0.569603078310715,0.0524744582586549,"Estimable",0.0649163938684439,0.396441492486837,0.0034910767890974,"pxw","1",0.459136454051326
"LAR3N34",0.683944528599548,0.0510305363604077,"Estimable",0.0649163938684439,0.396441492486837,0.0034910767890974,"pxw","0",0.459136454051326
"LAR3N36",0.634143286782438,0.0506367730165223,"Estimable",0.0649163938684439,0.396441492486837,0.0034910767890974,"pxw","0",0.459136454051326
"LAR3N38",0.605296922637529,0.0535399819262701,"Estimable",0.0649163938684439,0.396441492486837,0.0034910767890974,"pxw","0",0.459136454051326
"LAR3N39",0.631009505895826,0.0513901988975104,"Estimable",0.0649163938684439,0.396441492486837,0.0034910767890974,"pxw","1",0.459136454051326
"LAR3N40",0.623446496950398,0.0503247783798539,"Estimable",0.0649163938684439,0.396441492486837,0.0034910767890974,"pxw","1",0.459136454051326
"LAR3N41",0.634669131561284,0.0513383935938002,"Estimable",0.0649163938684439,0.396441492486837,0.0034910767890974,"pxw","1",0.459136454051326
"LAR3N43",0.579710168197242,0.0500826616074421,"Estimable",0.0649163938684439,0.396441492486837,0.0034910767890974,"pxw","0",0.459136454051326
"LAR3N44",0.596935337983705,0.0507152487950583,"Estimable",0.0649163938684439,0.396441492486837,0.0034910767890974,"pxw","1",0.459136454051326
"LAR3N45",0.608497773384732,0.0517049553419597,"Estimable",0.0649163938684439,0.396441492486837,0.0034910767890974,"pxw","1",0.459136454051326
"LAR3N49",0.657563270919042,0.0493405142129659,"Estimable",0.0649163938684439,0.396441492486837,0.0034910767890974,"pxw","0",0.459136454051326
"LAR3N5",0.587940449469704,0.0527276617872152,"Estimable",0.0649163938684439,0.396441492486837,0.0034910767890974,"pxw","1",0.459136454051326
"LAR3N52",0.582504190725291,0.049589165089032,"Estimable",0.0649163938684439,0.396441492486837,0.0034910767890974,"pxw","1",0.459136454051326
"LAR3N53",0.602698495836405,0.0512383133380129,"Estimable",0.0649163938684439,0.396441492486837,0.0034910767890974,"pxw","1",0.459136454051326
"LAR3N54",0.591543229370493,0.050667276984874,"Estimable",0.0649163938684439,0.396441492486837,0.0034910767890974,"pxw","0",0.459136454051326
"LAR3N55",0.640381860759828,0.0499217264937502,"Estimable",0.0649163938684439,0.396441492486837,0.0034910767890974,"pxw","0",0.459136454051326
"LAR3N57",0.626681888754897,0.0510178277203936,"Estimable",0.0649163938684439,0.396441492486837,0.0034910767890974,"pxw","0",0.459136454051326
"LAR3N60",0.650535564466908,0.0520899879210989,"Estimable",0.0649163938684439,0.396441492486837,0.0034910767890974,"pxw","0",0.459136454051326
"LAR3N63",0.600473001610545,0.0508284457870319,"Estimable",0.0649163938684439,0.396441492486837,0.0034910767890974,"pxw","0",0.459136454051326
"LAR3N65",0.555861135833185,0.0523382751896631,"Estimable",0.0649163938684439,0.396441492486837,0.0034910767890974,"pxw","1",0.459136454051326
"LAR3N66",0.624597741956195,0.0506496599159127,"Estimable",0.0649163938684439,0.396441492486837,0.0034910767890974,"pxw","0",0.459136454051326
"LAR3N67",0.672540820981823,0.0513931266365835,"Estimable",0.0649163938684439,0.396441492486837,0.0034910767890974,"pxw","0",0.459136454051326
"LAR3N71",0.588314363931347,0.0514127356009462,"Estimable",0.0649163938684439,0.396441492486837,0.0034910767890974,"pxw","0",0.459136454051326
"LAR3N74",0.661968049700834,0.0520195771087905,"Estimable",0.0649163938684439,0.396441492486837,0.0034910767890974,"pxw","0",0.459136454051326
"LAR3N76",0.604049131469722,0.0489189649776362,"Estimable",0.0649163938684439,0.396441492486837,0.0034910767890974,"pxw","0",0.459136454051326
"LAR3N77",0.606801500238383,0.0507728482366018,"Estimable",0.0649163938684439,0.396441492486837,0.0034910767890974,"pxw","0",0.459136454051326
"LAR3N78",0.549004917077894,0.0514625738266636,"Estimable",0.0649163938684439,0.396441492486837,0.0034910767890974,"pxw","1",0.459136454051326
"LAR3N79",0.668564742220819,0.0504237874089967,"Estimable",0.0649163938684439,0.396441492486837,0.0034910767890974,"pxw","0",0.459136454051326
"LAR3N81",0.595002143682499,0.0512149608374477,"Estimable",0.0649163938684439,0.396441492486837,0.0034910767890974,"pxw","0",0.459136454051326
"LAR3N82",0.633298200235054,0.0499486782334339,"Estimable",0.0649163938684439,0.396441492486837,0.0034910767890974,"pxw","0",0.459136454051326
"LAR3N83",0.581567226658172,0.0520042881715184,"Estimable",0.0649163938684439,0.396441492486837,0.0034910767890974,"pxw","1",0.459136454051326
"LAR3N86",0.619222345336901,0.051709133672949,"Estimable",0.0649163938684439,0.396441492486837,0.0034910767890974,"pxw","1",0.459136454051326
"LAR3N9",0.570163673074644,0.0525056853322276,"Estimable",0.0649163938684439,0.396441492486837,0.0034910767890974,NA,NA,NA
"LAR3N90",0.621103250644074,0.0513567293508723,"Estimable",0.0649163938684439,0.396441492486837,0.0034910767890974,"pxw","0",0.459136454051326
"LAR3N95",0.617971597855807,0.0497604428841268,"Estimable",0.0649163938684439,0.396441492486837,0.0034910767890974,"pxw","0",0.459136454051326
"LAR3N96",0.580408783883413,0.0529872122681126,"Estimable",0.0649163938684439,0.396441492486837,0.0034910767890974,"pxw","1",0.459136454051326
"LAR3N97",0.667633508711702,0.0523485600903449,"Estimable",0.0649163938684439,0.396441492486837,0.0034910767890974,"pxw","0",0.459136454051326
"LAR3N98",0.626112299213172,0.0516066992858881,"Estimable",0.0649163938684439,0.396441492486837,0.0034910767890974,"pxw","0",0.459136454051326
"LAR4N1",0.650806910090071,0.0493659340710662,"Estimable",0.0649163938684439,0.396441492486837,0.0034910767890974,"pxw","0",0.459136454051326
"LAR4N100",0.566513856934546,0.0462417666810935,"Estimable",0.0649163938684439,0.396441492486837,0.0034910767890974,"pxa","0",0.554665402171399
"LAR4N101",0.63636923039828,0.0468393590956146,"Estimable",0.0649163938684439,0.396441492486837,0.0034910767890974,"pxa","1",0.554665402171399
"LAR4N103",0.606967111785346,0.0467539390638907,"Estimable",0.0649163938684439,0.396441492486837,0.0034910767890974,"pxa","1",0.554665402171399
"LAR4N105",0.595901934750757,0.0485561174204585,"Estimable",0.0649163938684439,0.396441492486837,0.0034910767890974,"pxa","1",0.554665402171399
"LAR4N108",0.599304868140972,0.0468267920521,"Estimable",0.0649163938684439,0.396441492486837,0.0034910767890974,"pxa","1",0.554665402171399
"LAR4N109",0.595394724447322,0.0462823582106333,"Estimable",0.0649163938684439,0.396441492486837,0.0034910767890974,"pxa","1",0.554665402171399
"LAR4N11",0.593179560140243,0.0503810533034415,"Estimable",0.0649163938684439,0.396441492486837,0.0034910767890974,"pxw","1",0.459136454051326
"LAR4N112",0.631533922845157,0.0466115367675251,"Estimable",0.0649163938684439,0.396441492486837,0.0034910767890974,"pxa","1",0.554665402171399
"LAR4N114",0.594741273772314,0.0478653295353577,"Estimable",0.0649163938684439,0.396441492486837,0.0034910767890974,"pxa","0",0.554665402171399
"LAR4N116",0.61970670146885,0.0480600904678942,"Estimable",0.0649163938684439,0.396441492486837,0.0034910767890974,"pxa","1",0.554665402171399
"LAR4N119",0.591627314480999,0.0446984251685603,"Estimable",0.0649163938684439,0.396441492486837,0.0034910767890974,"pxa","0",0.554665402171399
"LAR4N12",0.567292538308973,0.0513730636028049,"Estimable",0.0649163938684439,0.396441492486837,0.0034910767890974,"pxw","1",0.459136454051326
"LAR4N120",0.606897883841722,0.0476839161263303,"Estimable",0.0649163938684439,0.396441492486837,0.0034910767890974,"pxa","1",0.554665402171399
"LAR4N121",0.567848636283075,0.0457418326380759,"Estimable",0.0649163938684439,0.396441492486837,0.0034910767890974,"pxa","1",0.554665402171399
"LAR4N122",0.642308054460903,0.0475504515307655,"Estimable",0.0649163938684439,0.396441492486837,0.0034910767890974,"pxa","1",0.554665402171399
"LAR4N123",0.560128678933288,0.0468312070485129,"Estimable",0.0649163938684439,0.396441492486837,0.0034910767890974,"pxa","1",0.554665402171399
"LAR4N13",0.59141847005029,0.0509586761352387,"Estimable",0.0649163938684439,0.396441492486837,0.0034910767890974,"pxw","1",0.459136454051326
"LAR4N14",0.612143264930022,0.05025504120463,"Estimable",0.0649163938684439,0.396441492486837,0.0034910767890974,"pxw","0",0.459136454051326
"LAR4N16",0.563200582704968,0.0513061283856529,"Estimable",0.0649163938684439,0.396441492486837,0.0034910767890974,"pxw","0",0.459136454051326
"LAR4N17",0.5839705622345,0.0500797390214905,"Estimable",0.0649163938684439,0.396441492486837,0.0034910767890974,"pxw","0",0.459136454051326
"LAR4N18",0.614054634986969,0.0513682366221843,"Estimable",0.0649163938684439,0.396441492486837,0.0034910767890974,"pxw","1",0.459136454051326
"LAR4N20",0.56988830811684,0.0520413359278289,"Estimable",0.0649163938684439,0.396441492486837,0.0034910767890974,"pxw","1",0.459136454051326
"LAR4N21",0.655075963569317,0.0512246893646453,"Estimable",0.0649163938684439,0.396441492486837,0.0034910767890974,"pxw","0",0.459136454051326
"LAR4N25",0.574088383760959,0.0501144738515338,"Estimable",0.0649163938684439,0.396441492486837,0.0034910767890974,"pxw","0",0.459136454051326
"LAR4N28",0.637461156471174,0.0499506667358446,"Estimable",0.0649163938684439,0.396441492486837,0.0034910767890974,"pxw","0",0.459136454051326
"LAR4N30",0.598017652503428,0.0508357094690184,"Estimable",0.0649163938684439,0.396441492486837,0.0034910767890974,"pxw","0",0.459136454051326
"LAR4N31",0.607281766421111,0.0515368457229703,"Estimable",0.0649163938684439,0.396441492486837,0.0034910767890974,"pxw","1",0.459136454051326
"LAR4N32",0.62436413904827,0.0497276418142446,"Estimable",0.0649163938684439,0.396441492486837,0.0034910767890974,"pxw","0",0.459136454051326
"LAR4N34",0.621352938426772,0.0529734970064029,"Estimable",0.0649163938684439,0.396441492486837,0.0034910767890974,NA,NA,NA
"LAR4N37",0.594470562114899,0.0507924990819873,"Estimable",0.0649163938684439,0.396441492486837,0.0034910767890974,"pxw","0",0.459136454051326
"LAR4N38",0.602693439570419,0.0499609349668862,"Estimable",0.0649163938684439,0.396441492486837,0.0034910767890974,"pxw","0",0.459136454051326
"LAR4N39",0.611735385911022,0.0491968189535926,"Estimable",0.0649163938684439,0.396441492486837,0.0034910767890974,"pxw","0",0.459136454051326
"LAR4N40",0.611718261232917,0.0491637129318287,"Estimable",0.0649163938684439,0.396441492486837,0.0034910767890974,"pxw","0",0.459136454051326
"LAR4N41",0.596235476100493,0.0508901638545851,"Estimable",0.0649163938684439,0.396441492486837,0.0034910767890974,"pxw","0",0.459136454051326
"LAR4N43",0.580222358665847,0.0499580127267434,"Estimable",0.0649163938684439,0.396441492486837,0.0034910767890974,"pxw","1",0.459136454051326
"LAR4N44",0.572149621093676,0.0510612586779,"Estimable",0.0649163938684439,0.396441492486837,0.0034910767890974,"pxw","1",0.459136454051326
"LAR4N50",0.597861432003995,0.0501198818218618,"Estimable",0.0649163938684439,0.396441492486837,0.0034910767890974,NA,NA,NA
"LAR4N53",0.599352042341475,0.0461451995276051,"Estimable",0.0649163938684439,0.396441492486837,0.0034910767890974,"pxa","1",0.554665402171399
"LAR4N54",0.568773608485372,0.0475562867535914,"Estimable",0.0649163938684439,0.396441492486837,0.0034910767890974,"pxa","1",0.554665402171399
"LAR4N57",0.590319843316141,0.0472288811019617,"Estimable",0.0649163938684439,0.396441492486837,0.0034910767890974,"pxa","1",0.554665402171399
"LAR4N59",0.614271091319904,0.045279512467815,"Estimable",0.0649163938684439,0.396441492486837,0.0034910767890974,"pxa","1",0.554665402171399
"LAR4N6",0.616887951492132,0.051827342014074,"Estimable",0.0649163938684439,0.396441492486837,0.0034910767890974,"pxw","0",0.459136454051326
"LAR4N60",0.56395028368466,0.0466723890685329,"Estimable",0.0649163938684439,0.396441492486837,0.0034910767890974,"pxa","0",0.554665402171399
"LAR4N61",0.545539761177765,0.0472232754642911,"Estimable",0.0649163938684439,0.396441492486837,0.0034910767890974,"pxa","1",0.554665402171399
"LAR4N63",0.608437274279632,0.0466124946070125,"Estimable",0.0649163938684439,0.396441492486837,0.0034910767890974,"pxa","0",0.554665402171399
"LAR4N65",0.528175831695167,0.0484841802100199,"Estimable",0.0649163938684439,0.396441492486837,0.0034910767890974,"pxa","0",0.554665402171399
"LAR4N7",0.602499409695083,0.051736990955243,"Estimable",0.0649163938684439,0.396441492486837,0.0034910767890974,"pxw","0",0.459136454051326
"LAR4N70",0.604205924880205,0.0476254043029435,"Estimable",0.0649163938684439,0.396441492486837,0.0034910767890974,"pxa","0",0.554665402171399
"LAR4N71",0.597103479333939,0.046516620673277,"Estimable",0.0649163938684439,0.396441492486837,0.0034910767890974,"pxa","0",0.554665402171399
"LAR4N74",0.590618519600218,0.0473862346846363,"Estimable",0.0649163938684439,0.396441492486837,0.0034910767890974,"pxa","0",0.554665402171399
"LAR4N76",0.548889620412217,0.0459147110931114,"Estimable",0.0649163938684439,0.396441492486837,0.0034910767890974,"pxa","0",0.554665402171399
"LAR4N77",0.607975054244687,0.0479347170178573,"Estimable",0.0649163938684439,0.396441492486837,0.0034910767890974,"pxa","0",0.554665402171399
"LAR4N79",0.582400615810718,0.0471265344737627,"Estimable",0.0649163938684439,0.396441492486837,0.0034910767890974,"pxa","0",0.554665402171399
"LAR4N8",0.612646344628414,0.0553443690304504,"Estimable",0.0649163938684439,0.396441492486837,0.0034910767890974,NA,NA,NA
"LAR4N82",0.636331426742887,0.045784046808864,"Estimable",0.0649163938684439,0.396441492486837,0.0034910767890974,"pxa","1",0.554665402171399
"LAR4N84",0.630550165998,0.0466329095995782,"Estimable",0.0649163938684439,0.396441492486837,0.0034910767890974,"pxa","0",0.554665402171399
"LAR4N86",0.623869930332973,0.0502837525955105,"Estimable",0.0649163938684439,0.396441492486837,0.0034910767890974,NA,NA,NA
"LAR4N87",0.59651432764138,0.0495958624449064,"Estimable",0.0649163938684439,0.396441492486837,0.0034910767890974,NA,NA,NA
"LAR4N88",0.585034819869361,0.047109732950885,"Estimable",0.0649163938684439,0.396441492486837,0.0034910767890974,"pxa","1",0.554665402171399
"LAR4N89",0.611700038533072,0.0460804378677519,"Estimable",0.0649163938684439,0.396441492486837,0.0034910767890974,"pxa","1",0.554665402171399
"LAR4N90",0.596444698990943,0.0485925186596371,"Estimable",0.0649163938684439,0.396441492486837,0.0034910767890974,"pxa","1",0.554665402171399
"LAR4N91",0.540055993061761,0.0479329687769431,"Estimable",0.0649163938684439,0.396441492486837,0.0034910767890974,"pxa","1",0.554665402171399
"LAR4N92",0.607507702571835,0.0471923717606309,"Estimable",0.0649163938684439,0.396441492486837,0.0034910767890974,"pxa","0",0.554665402171399
"LAR5N104",0.619298498103988,0.0468628193394442,"Estimable",0.0649163938684439,0.396441492486837,0.0034910767890974,"pxa","1",0.554665402171399
"LAR5N105",0.635136535447312,0.0453626021724065,"Estimable",0.0649163938684439,0.396441492486837,0.0034910767890974,"pxa","1",0.554665402171399
"LAR5N107",0.548176462081617,0.0461487877309061,"Estimable",0.0649163938684439,0.396441492486837,0.0034910767890974,"pxa","1",0.554665402171399
"LAR5N108",0.54164378133311,0.0474918471365256,"Estimable",0.0649163938684439,0.396441492486837,0.0034910767890974,"pxa","0",0.554665402171399
"LAR5N111",0.57774570861915,0.0449623304069449,"Estimable",0.0649163938684439,0.396441492486837,0.0034910767890974,"pxa","1",0.554665402171399
"LAR5N112",0.582819047943703,0.0477238274167839,"Estimable",0.0649163938684439,0.396441492486837,0.0034910767890974,"pxa","0",0.554665402171399
"LAR5N113",0.603528298598399,0.0469180102865956,"Estimable",0.0649163938684439,0.396441492486837,0.0034910767890974,"pxa","1",0.554665402171399
"LAR5N118",0.568569093474404,0.0478736706306542,"Estimable",0.0649163938684439,0.396441492486837,0.0034910767890974,"pxa","1",0.554665402171399
"LAR5N119",0.547051751874756,0.0467801965892111,"Estimable",0.0649163938684439,0.396441492486837,0.0034910767890974,"pxa","1",0.554665402171399
"LAR5N120",0.665721697848035,0.0460374763075763,"Estimable",0.0649163938684439,0.396441492486837,0.0034910767890974,"pxa","0",0.554665402171399
"LAR5N123",0.564614537347671,0.0480839245468436,"Estimable",0.0649163938684439,0.396441492486837,0.0034910767890974,"pxa","1",0.554665402171399
"LAR5N125",0.568756910645902,0.0465688846935107,"Estimable",0.0649163938684439,0.396441492486837,0.0034910767890974,"pxa","1",0.554665402171399
"LAR5N14",0.59885267075385,0.0479514189415174,"Estimable",0.0649163938684439,0.396441492486837,0.0034910767890974,"pxa","1",0.554665402171399
"LAR5N15",0.557559723024976,0.0463501506900097,"Estimable",0.0649163938684439,0.396441492486837,0.0034910767890974,"pxa","0",0.554665402171399
"LAR5N17",0.598318993697226,0.0473726879715941,"Estimable",0.0649163938684439,0.396441492486837,0.0034910767890974,"pxa","0",0.554665402171399
"LAR5N18",0.67542760622594,0.0451020139334632,"Estimable",0.0649163938684439,0.396441492486837,0.0034910767890974,"pxa","0",0.554665402171399
"LAR5N2",0.62713855912687,0.0460940988688039,"Estimable",0.0649163938684439,0.396441492486837,0.0034910767890974,"pxa","0",0.554665402171399
"LAR5N20",0.619980484520217,0.0478980251873232,"Estimable",0.0649163938684439,0.396441492486837,0.0034910767890974,"pxa","0",0.554665402171399
"LAR5N24",0.605143119741317,0.0470345029842024,"Estimable",0.0649163938684439,0.396441492486837,0.0034910767890974,"pxa","0",0.554665402171399
"LAR5N26",0.620104260810304,0.0472436004812995,"Estimable",0.0649163938684439,0.396441492486837,0.0034910767890974,"pxa","0",0.554665402171399
"LAR5N28",0.57879095606136,0.0500596343556941,"Estimable",0.0649163938684439,0.396441492486837,0.0034910767890974,"pxa","0",0.554665402171399
"LAR5N3",0.566956303561945,0.0464561316110808,"Estimable",0.0649163938684439,0.396441492486837,0.0034910767890974,"pxa","0",0.554665402171399
"LAR5N31",0.5932148977943,0.0499579911309403,"Estimable",0.0649163938684439,0.396441492486837,0.0034910767890974,NA,NA,NA
"LAR5N32",0.605976929378972,0.0473712162289478,"Estimable",0.0649163938684439,0.396441492486837,0.0034910767890974,"pxa","1",0.554665402171399
"LAR5N34",0.563894707875059,0.0443284596318722,"Estimable",0.0649163938684439,0.396441492486837,0.0034910767890974,"pxa","1",0.554665402171399
"LAR5N35",0.563982833242685,0.0443335499763185,"Estimable",0.0649163938684439,0.396441492486837,0.0034910767890974,"pxa","0",0.554665402171399
"LAR5N37",0.599163566331491,0.0480129074564369,"Estimable",0.0649163938684439,0.396441492486837,0.0034910767890974,"pxa","0",0.554665402171399
"LAR5N38",0.619484486685731,0.0467731008132693,"Estimable",0.0649163938684439,0.396441492486837,0.0034910767890974,"pxa","0",0.554665402171399
"LAR5N39",0.597123647873462,0.048398156073244,"Estimable",0.0649163938684439,0.396441492486837,0.0034910767890974,"pxa","0",0.554665402171399
"LAR5N4",0.666386622903661,0.0475980927643825,"Estimable",0.0649163938684439,0.396441492486837,0.0034910767890974,"pxa","1",0.554665402171399
"LAR5N41",0.609172005621814,0.0472758127556559,"Estimable",0.0649163938684439,0.396441492486837,0.0034910767890974,"pxa","0",0.554665402171399
"LAR5N42",0.599122546460871,0.0489851627094017,"Estimable",0.0649163938684439,0.396441492486837,0.0034910767890974,NA,NA,NA
"LAR5N47",0.550162774459818,0.0475687431356615,"Estimable",0.0649163938684439,0.396441492486837,0.0034910767890974,"pxa","1",0.554665402171399
"LAR5N5",0.600461473636496,0.0479667213075207,"Estimable",0.0649163938684439,0.396441492486837,0.0034910767890974,"pxa","0",0.554665402171399
"LAR5N50",0.582478045839485,0.0480425732513477,"Estimable",0.0649163938684439,0.396441492486837,0.0034910767890974,"pxa","1",0.554665402171399
"LAR5N51",0.598271169035605,0.0459213246938384,"Estimable",0.0649163938684439,0.396441492486837,0.0034910767890974,"pxa","1",0.554665402171399
"LAR5N52",0.595967719354379,0.0466156130774553,"Estimable",0.0649163938684439,0.396441492486837,0.0034910767890974,"pxa","1",0.554665402171399
"LAR5N55",0.633837368768654,0.0475437413588866,"Estimable",0.0649163938684439,0.396441492486837,0.0034910767890974,"pxa","1",0.554665402171399
"LAR5N56",0.595865311285477,0.0464128302610344,"Estimable",0.0649163938684439,0.396441492486837,0.0034910767890974,"pxa","0",0.554665402171399
"LAR5N57",0.635861932868861,0.0453665239317176,"Estimable",0.0649163938684439,0.396441492486837,0.0034910767890974,"pxa","0",0.554665402171399
"LAR5N58",0.606559679119816,0.0455496816213641,"Estimable",0.0649163938684439,0.396441492486837,0.0034910767890974,"pxa","0",0.554665402171399
"LAR5N62",0.6231187822925,0.0444779670587506,"Estimable",0.0649163938684439,0.396441492486837,0.0034910767890974,"pxa","1",0.554665402171399
"LAR5N63",0.585842453102115,0.0453010420084955,"Estimable",0.0649163938684439,0.396441492486837,0.0034910767890974,"pxa","0",0.554665402171399
"LAR5N64",0.565169891669738,0.0457247413690043,"Estimable",0.0649163938684439,0.396441492486837,0.0034910767890974,"pxa","1",0.554665402171399
"LAR5N65",0.586844452052506,0.0459115652748412,"Estimable",0.0649163938684439,0.396441492486837,0.0034910767890974,"pxa","1",0.554665402171399
"LAR5N66",0.607485994749456,0.0477701945192008,"Estimable",0.0649163938684439,0.396441492486837,0.0034910767890974,"pxa","1",0.554665402171399
"LAR5N67",0.65412918263706,0.0464853916750234,"Estimable",0.0649163938684439,0.396441492486837,0.0034910767890974,"pxa","1",0.554665402171399
"LAR5N68",0.657804492420549,0.0468090157684009,"Estimable",0.0649163938684439,0.396441492486837,0.0034910767890974,"pxa","1",0.554665402171399
"LAR5N69",0.6273913505397,0.0480122848173739,"Estimable",0.0649163938684439,0.396441492486837,0.0034910767890974,"pxa","1",0.554665402171399
"LAR5N70",0.561746247967566,0.0456487720760995,"Estimable",0.0649163938684439,0.396441492486837,0.0034910767890974,"pxa","1",0.554665402171399
"LAR5N72",0.60682910917835,0.0454364055390681,"Estimable",0.0649163938684439,0.396441492486837,0.0034910767890974,"pxa","1",0.554665402171399
"LAR5N73",0.607532821608611,0.0457765358635597,"Estimable",0.0649163938684439,0.396441492486837,0.0034910767890974,"pxa","1",0.554665402171399
"LAR5N74",0.589613126699136,0.0462726903498845,"Estimable",0.0649163938684439,0.396441492486837,0.0034910767890974,"pxa","0",0.554665402171399
"LAR5N75",0.543486509507601,0.0459709857274543,"Estimable",0.0649163938684439,0.396441492486837,0.0034910767890974,"pxa","0",0.554665402171399
"LAR5N76",0.661209590304705,0.0459967070112868,"Estimable",0.0649163938684439,0.396441492486837,0.0034910767890974,"pxa","1",0.554665402171399
"LAR5N77",0.581485709929892,0.0461804847251389,"Estimable",0.0649163938684439,0.396441492486837,0.0034910767890974,"pxa","1",0.554665402171399
"LAR5N78",0.639067919014322,0.0459222712192249,"Estimable",0.0649163938684439,0.396441492486837,0.0034910767890974,"pxa","0",0.554665402171399
"LAR5N8",0.60880147579979,0.0484862371345189,"Estimable",0.0649163938684439,0.396441492486837,0.0034910767890974,"pxa","0",0.554665402171399
"LAR5N80",0.59415735838213,0.046192049940985,"Estimable",0.0649163938684439,0.396441492486837,0.0034910767890974,"pxa","1",0.554665402171399
"LAR5N86",0.588779750138778,0.0455459711319835,"Estimable",0.0649163938684439,0.396441492486837,0.0034910767890974,"pxa","1",0.554665402171399
"LAR5N88",0.623174682235928,0.047160472429664,"Estimable",0.0649163938684439,0.396441492486837,0.0034910767890974,"pxa","1",0.554665402171399
"LAR5N89",0.658243929502398,0.0451755725216186,"Estimable",0.0649163938684439,0.396441492486837,0.0034910767890974,"pxa","0",0.554665402171399
"LAR5N9",0.566305843271537,0.0466388356083521,"Estimable",0.0649163938684439,0.396441492486837,0.0034910767890974,"pxa","1",0.554665402171399
"LAR5N96",0.539575223249578,0.0478329651922407,"Estimable",0.0649163938684439,0.396441492486837,0.0034910767890974,"pxa","1",0.554665402171399
"LAR5N97",0.62104862300718,0.0458350487642073,"Estimable",0.0649163938684439,0.396441492486837,0.0034910767890974,"pxa","1",0.554665402171399
"LAR5N99",0.630913336503122,0.0457168601247725,"Estimable",0.0649163938684439,0.396441492486837,0.0034910767890974,"pxa","1",0.554665402171399
"LAR6N10",0.620723523797836,0.0453255208592119,"Estimable",0.0649163938684439,0.396441492486837,0.0034910767890974,"pxa","1",0.554665402171399
"LAR6N12",0.520730238891982,0.0467219938348558,"Estimable",0.0649163938684439,0.396441492486837,0.0034910767890974,"pxa","1",0.554665402171399
"LAR6N13",0.594996195612631,0.0484072062098123,"Estimable",0.0649163938684439,0.396441492486837,0.0034910767890974,"pxa","0",0.554665402171399
"LAR6N14",0.642269696784291,0.0504595023133053,"Estimable",0.0649163938684439,0.396441492486837,0.0034910767890974,NA,NA,NA
"LAR6N17",0.615987984487378,0.0470349270180268,"Estimable",0.0649163938684439,0.396441492486837,0.0034910767890974,"pxa","1",0.554665402171399
"LAR6N2",0.601084543058647,0.0464328079957532,"Estimable",0.0649163938684439,0.396441492486837,0.0034910767890974,"pxa","1",0.554665402171399
"LAR6N22",0.638295898448997,0.0451724441326244,"Estimable",0.0649163938684439,0.396441492486837,0.0034910767890974,"pxa","1",0.554665402171399
"LAR6N25",0.598934317768096,0.0462293224666249,"Estimable",0.0649163938684439,0.396441492486837,0.0034910767890974,"pxa","0",0.554665402171399
"LAR6N27",0.574201314869056,0.0475493659022193,"Estimable",0.0649163938684439,0.396441492486837,0.0034910767890974,"pxa","0",0.554665402171399
"LAR6N28",0.620834468550338,0.0468457293061215,"Estimable",0.0649163938684439,0.396441492486837,0.0034910767890974,"pxa","1",0.554665402171399
"LAR6N3",0.553811788098288,0.0469054033075074,"Estimable",0.0649163938684439,0.396441492486837,0.0034910767890974,"pxa","1",0.554665402171399
"LAR6N30",0.614816686785004,0.0474453965593074,"Estimable",0.0649163938684439,0.396441492486837,0.0034910767890974,"pxa","1",0.554665402171399
"LAR6N31",0.586083939952465,0.0468825435983506,"Estimable",0.0649163938684439,0.396441492486837,0.0034910767890974,"pxa","0",0.554665402171399
"LAR6N38",0.550439728371263,0.0476754847729084,"Estimable",0.0649163938684439,0.396441492486837,0.0034910767890974,"pxa","1",0.554665402171399
"LAR6N39",0.596664251641345,0.049866364469441,"Estimable",0.0649163938684439,0.396441492486837,0.0034910767890974,"pxa","0",0.554665402171399
"LAR6N4",0.574532750798081,0.0459247766557205,"Estimable",0.0649163938684439,0.396441492486837,0.0034910767890974,"pxa","1",0.554665402171399
"LAR6N40",0.535001695338757,0.0477926382216864,"Estimable",0.0649163938684439,0.396441492486837,0.0034910767890974,"pxa","0",0.554665402171399
"LAR6N43",0.535157846791337,0.0478359337192172,"Estimable",0.0649163938684439,0.396441492486837,0.0034910767890974,"pxa","0",0.554665402171399
"LAR6N44",0.622363671001156,0.0480252919014113,"Estimable",0.0649163938684439,0.396441492486837,0.0034910767890974,"pxa","1",0.554665402171399
"LAR6N45",0.616754517028786,0.0473922226941586,"Estimable",0.0649163938684439,0.396441492486837,0.0034910767890974,"pxa","1",0.554665402171399
"LAR6N46",0.616804676142047,0.0473641889596056,"Estimable",0.0649163938684439,0.396441492486837,0.0034910767890974,"pxa","1",0.554665402171399
"LAR6N47",0.605560554541913,0.048246299214175,"Estimable",0.0649163938684439,0.396441492486837,0.0034910767890974,"pxa","1",0.554665402171399
"LAR6N49",0.591056169673646,0.0488527219071262,"Estimable",0.0649163938684439,0.396441492486837,0.0034910767890974,"pxa","1",0.554665402171399
"LAR6N5",0.565337144262373,0.0457571182552848,"Estimable",0.0649163938684439,0.396441492486837,0.0034910767890974,"pxa","0",0.554665402171399
"LAR6N50",0.632784177587998,0.049631852198259,"Estimable",0.0649163938684439,0.396441492486837,0.0034910767890974,"pxa","1",0.554665402171399
"LAR6N51",0.604459340471607,0.0469339658327022,"Estimable",0.0649163938684439,0.396441492486837,0.0034910767890974,"pxa","1",0.554665402171399
"LAR6N52",0.596765306285747,0.0481963140015221,"Estimable",0.0649163938684439,0.396441492486837,0.0034910767890974,"pxa","0",0.554665402171399
"LAR6N54",0.592313779988493,0.0475682499571696,"Estimable",0.0649163938684439,0.396441492486837,0.0034910767890974,"pxa","1",0.554665402171399
"LAR6N55",0.638337553731199,0.0500675058903857,"Estimable",0.0649163938684439,0.396441492486837,0.0034910767890974,"pxa","1",0.554665402171399
"LAR6N57",0.57681709693831,0.0484542612072379,"Estimable",0.0649163938684439,0.396441492486837,0.0034910767890974,NA,NA,NA
"LAR6N60",0.606546741708488,0.0498437494298463,"Estimable",0.0649163938684439,0.396441492486837,0.0034910767890974,"pxa","1",0.554665402171399
"LAR6N64",0.631854522951339,0.0466430333046986,"Estimable",0.0649163938684439,0.396441492486837,0.0034910767890974,"pxa","1",0.554665402171399
"LAR6N65",0.591113505051411,0.0490532120811953,"Estimable",0.0649163938684439,0.396441492486837,0.0034910767890974,"pxa","0",0.554665402171399
"LAR6N66",0.649345377013711,0.0473083393184444,"Estimable",0.0649163938684439,0.396441492486837,0.0034910767890974,"pxa","0",0.554665402171399
"LAR6N74",0.66220708494311,0.047008195689509,"Estimable",0.0649163938684439,0.396441492486837,0.0034910767890974,"pxa","0",0.554665402171399
"LAR6N75",0.53121860575493,0.0486531753199942,"Estimable",0.0649163938684439,0.396441492486837,0.0034910767890974,"pxa","0",0.554665402171399
"LAR6N8",0.619737215464049,0.045799267201009,"Estimable",0.0649163938684439,0.396441492486837,0.0034910767890974,"pxa","1",0.554665402171399
"LAR6N9",0.61731130594179,0.0481875591595784,"Estimable",0.0649163938684439,0.396441492486837,0.0034910767890974,"pxa","0",0.554665402171399
