taxa,PC1,PC2,PC3
FBR1N1,-39.7068156821513,-32.9526585703685,-22.3935813821241
FBR1N100,-43.673561963144,-47.8317300509519,-31.1539456691429
FBR1N101,-37.2166825486971,-35.2892864426779,-20.7412315661872
FBR1N102,-44.0052483877742,-39.3342816235789,-1.4068343825453
FBR1N103,-36.978412878698,-44.4731476067481,4.66233542544971
FBR1N11,-35.786988593947,-47.584794677645,-2.21079032174235
FBR1N12,-42.5225655277572,-26.2430437324825,-6.34179977780642
FBR1N13,-38.2999144231055,-45.6735349929784,-11.1460953408298
FBR1N14,-35.8877412008979,-48.9823916136782,16.7728448526788
FBR1N16,-41.9186411337507,-26.8363217235746,7.73325283405908
FBR1N17,-36.7726312352558,-40.1817386433097,23.8635462970477
FBR1N19,-42.0674072001229,-43.6220454767503,17.7103724813009
FBR1N2,-45.8692607039976,-42.6311870535202,-0.825912712519058
FBR1N20,-38.3958493533347,-32.1199177207438,4.69297672016173
FBR1N21,-37.7126410849354,-47.5126924860605,-30.902733549764
FBR1N22,-41.8404044098811,-39.858930995079,-16.3563163181522
FBR1N23,-41.5543268941431,-40.5294917235607,31.3501492757794
FBR1N24,-35.8275902358982,-47.2064809436979,30.4857882800091
FBR1N25,-45.0804526257608,-39.448162787629,3.5704626910891
FBR1N27,-40.5190694297787,-45.8872192513632,-20.6493502994817
FBR1N28,-45.2688159009843,-38.5750349750165,-11.4222446246169
FBR1N3,-38.8381693791644,-43.0101814439197,-9.77467984238789
FBR1N31,-44.6354566747118,-41.4016407392985,14.2018766287075
FBR1N32,-36.797077026599,-42.3899222973333,-24.7408427962975
FBR1N33,-36.6263663782574,-42.5750995381321,-20.7477726058927
FBR1N34,-41.2040958257822,-30.6668477761479,-24.5946423568078
FBR1N35,-44.1334727021301,-41.819836725567,30.2862326082461
FBR1N38,-36.5808089177457,-42.9031972725179,8.93702392301465
FBR1N39,-40.3429466831072,-44.0116296550378,-1.55548441531793
FBR1N4,-40.7415737418236,-47.5497748256637,-27.269886845622
FBR1N40,-36.4998965759694,-46.3410124423138,34.5554742252445
FBR1N41,-35.6321161875443,-40.6240756450897,-20.357099106842
FBR1N43,-39.3951643032886,-42.7557825729041,2.11004868580371
FBR1N45,-40.6694802706066,-34.2171517379801,-33.3639794538645
FBR1N47,-43.3919323012662,-40.5004689907574,0.784883114955874
FBR1N48,-35.025941626095,-43.82082919449,-23.1618540797451
FBR1N50,-42.2142473778834,-42.6730674461382,-21.3909198298035
FBR1N56,-42.8775699721869,-30.7739003166393,-7.34174111213285
FBR1N58,-39.4456497440784,-54.914822877283,19.1417294334779
FBR1N60,-37.0300371865176,-40.8380473732952,3.39388481841554
FBR1N62,-37.4620131534512,-43.1931689055231,27.9069735894349
FBR1N63,-40.0753349601503,-35.8933371828274,6.75467506232711
FBR1N64,-39.8018023984152,-40.4085420538302,-7.93570170299954
FBR1N67,-38.8954510974986,-33.5506211326439,-16.7543900226332
FBR1N68,-46.0703273878228,-38.595584549047,-31.6983994670645
FBR1N69,-42.5484887675096,-36.6568493192402,-13.0880484456217
FBR1N7,-38.518381804073,-39.1738911878502,-1.97469415402814
FBR1N71,-39.5482891944475,-47.813882797273,15.3957497916448
FBR1N73,-30.9949531159192,-35.8699205103509,-22.6507290880026
FBR1N75,-36.8033173927818,-43.9689039993931,-4.6020504628672
FBR1N77,-40.1529295977534,-38.7168959500568,18.3671366838614
FBR1N78,-39.8839740001061,-46.4075544293296,-14.9578472097857
FBR1N8,-36.4647915845416,-47.8324144196013,11.3191371404438
FBR1N80,-41.0152810946655,-45.381900542681,3.61617613602286
FBR1N82,-38.6235003325553,-42.6625891985774,9.16399699583345
FBR1N83,-45.2246521443803,-33.02639678992,4.63606889870486
FBR1N84,-35.1042145390768,-53.4305865053924,0.201223040157643
FBR1N86,-30.3757746389828,-39.4539670709708,14.3624213373401
FBR1N88,-43.2221417016551,-41.7531388998946,-18.0313481996485
FBR1N89,-39.2316394019804,-37.9334017578629,1.90548254571197
FBR1N9,-42.4110610461947,-31.7231756863039,-25.1354450384798
FBR1N90,-37.0169161371596,-29.421439185935,-25.5551007642259
FBR1N91,-40.7020424600745,-39.6472784963165,2.92680294930328
FBR1N92,-41.5856719499835,-47.2286917975307,11.1419055413752
FBR1N94,-46.1599677887226,-44.8609028960902,4.32830921765544
FBR1N97,-35.6159855928542,-39.6600934710911,-4.20990064511176
FBR1N98,-40.1980583437071,-39.5170510965304,27.2240171217897
FBR1N99,-38.8882990182926,-33.1109405698232,3.00216448215862
FBR2N1,-40.1523705740009,-44.2025302845714,5.61286836244932
FBR2N10,-43.8363708890485,-41.5664365664289,-5.9799341581004
FBR2N101,-45.2508394276236,-36.4041367152424,-21.6768323731904
FBR2N102,-35.5488306742991,-43.0048584285877,-6.36761715821761
FBR2N11,-39.9572735054752,-40.471738354039,-14.7655445329745
FBR2N12,-39.0620769187976,-45.8586732940613,-19.7032564758908
FBR2N13,-41.8251926135021,-44.6443976700112,-4.30216111716366
FBR2N16,-37.0760453816917,-40.0099956697689,-15.8939471017625
FBR2N17,-33.9619224432997,-51.998316009308,-22.4512695246877
FBR2N18,-40.6098244543317,-39.7192888867777,14.5662551872148
FBR2N2,-27.18341488511,-17.1818812865894,-7.14773924330065
FBR2N20,-36.4359566439964,-52.2222627913664,9.07993615413821
FBR2N21,-39.1260595628787,-39.6192038398531,27.9823492981456
FBR2N23,-35.8914150850405,-27.1763335857706,1.39715011626047
FBR2N24,-37.7520412748177,-40.5935765181429,-0.194925565103965
FBR2N26,-39.3641265797815,-38.7784460180776,24.7532937816484
FBR2N27,-32.9069279883996,-49.5717871487271,-10.6613223302285
FBR2N28,-41.0754190854764,-45.2862008133757,27.2532662168609
FBR2N3,-35.884443510526,-36.5715068076805,4.0827917033083
FBR2N30,-43.0325477849936,-47.7891320109534,41.1237119817007
FBR2N32,-40.0146639781307,-44.2214702175938,-11.4366634068257
FBR2N35,-36.6889529960267,-35.5738742982343,20.7340253765999
FBR2N37,-41.7663931474147,-35.9073642491507,-8.8664957311585
FBR2N38,-38.7367656603775,-41.077929743862,5.62321334051938
FBR2N40,-40.9480882026308,-38.6125249036969,-17.902110650718
FBR2N41,-42.1585019996755,-45.2636279906613,18.0096529424888
FBR2N42,-45.6811268103453,-39.9585452446047,-4.94992161253567
FBR2N43,-43.7071170715029,-37.086790481052,-7.22287899027137
FBR2N44,-43.9873476955658,-36.3596086293119,-1.09708816079333
FBR2N45,-37.2219159134363,-40.6233461769086,-3.01744674789082
FBR2N46,-42.4331680706363,-40.5377094179553,6.74244920153053
FBR2N48,-36.0147161736321,-31.7159061613903,1.97594761813358
FBR2N5,-46.5572697616024,-40.849938040329,3.32598798314018
FBR2N50,-38.0483309339704,-48.3869989460786,-0.846864389826191
FBR2N51,-34.7763430879225,-36.5608518861408,3.89703107492432
FBR2N53,-33.8492864796202,-43.6347399108196,27.8366408720803
FBR2N55,-47.2474998639742,-39.8305636958593,0.660887942135101
FBR2N56,-35.3878520301062,-42.1200928706779,-0.408346440081677
FBR2N57,-37.8831542680792,-43.0912547656696,8.75205295703658
FBR2N58,-36.0683687839234,-34.7034248159721,29.4075911219911
FBR2N59,-41.1214019282018,-37.7562515424379,25.4179549629248
FBR2N61,-39.5929181960714,-35.8171530370346,15.8896514741424
FBR2N62,-42.6089731890726,-43.7373692245742,3.82295347855521
FBR2N64,-38.7120734823102,-36.9773058041358,3.61652574110986
FBR2N66,-40.9341143424974,-38.9164962331199,1.69226820611163
FBR2N67,-38.5806357315993,-46.2010069667469,-2.38266334103168
FBR2N68,-41.5353234733338,-40.6349278086985,-10.0312261903881
FBR2N7,-34.2355996380018,-37.9217620086486,-29.3324517109159
FBR2N71,-45.5785425856367,-37.5227665940999,-5.2044660721127
FBR2N72,-33.4989202599768,-41.7435051055289,14.4688731103414
FBR2N73,-40.2999746550396,-37.2735462502953,-2.59812421135204
FBR2N75,-38.3120468748034,-42.4875101320603,22.8934335632881
FBR2N78,-39.6870471766917,-47.1369640305484,27.1967161016946
FBR2N8,-37.0950711600769,-47.2157646106968,2.99551007149171
FBR2N80,-41.2023837216139,-40.40911676536,4.35627503405681
FBR2N81,-40.2420680028591,-42.7317403302206,-6.46791899162655
FBR2N83,-48.5648891059878,-37.9273613040017,-7.45556358189282
FBR2N86,-46.0877837308992,-36.2706569154499,-15.7994518890875
FBR2N87,-35.5188919261846,-42.5735286113438,-18.8590846610789
FBR2N88,-42.3382022737264,-42.0872607929805,22.5034936762937
FBR2N89,-42.9042587307428,-42.560926181348,-5.95803421363734
FBR2N9,-43.8112544718378,-43.2821089633807,17.3227498803273
FBR2N90,-39.9875167586269,-45.0966417786701,8.58293869966998
FBR2N93,-39.2358063942652,-31.9684821246747,-19.5916885877713
FBR2N94,-37.2842710290761,-41.148687051272,-25.8497524477741
FBR2N97,-39.4020959479527,-37.5788625593129,-0.327889062371542
FBR3N1,-33.6228321103861,-44.3131663146966,-44.9672956001009
FBR3N10,-41.3629279095709,-42.7238958124039,15.4730156868544
FBR3N102,-41.9312950068066,-40.8629829751164,-18.9240381867661
FBR3N104,-41.6509529230336,-37.8885864817039,4.7004946809878
FBR3N11,-38.1229378160648,-41.2018707759649,15.8314516000698
FBR3N12,-41.8385388541657,-41.09853899255,3.62829830381878
FBR3N13,-41.3197241817246,-33.8140154622285,-27.8630283309082
FBR3N19,-40.1421890807095,-44.9991260478538,21.191121372072
FBR3N20,-35.7445640180141,-45.8123354131977,-19.5663866782544
FBR3N22,-34.4354612243097,-47.961624120822,10.4944947331137
FBR3N23,-38.9748823172974,-43.6223513872534,0.749101295633623
FBR3N24,-36.5061829666291,-41.8913689102068,6.84526615917984
FBR3N26,-40.0730389960598,-39.4956219485586,-6.48991667248743
FBR3N28,-44.144299008883,-39.3699188527746,1.01317411366558
FBR3N29,-43.5469757625413,-46.653728567808,18.221607744889
FBR3N31,-39.2751821252153,-45.0532777125146,-9.29427618451402
FBR3N32,-36.1280901493354,-39.7170589536866,7.16945505943515
FBR3N33,-41.2566829595552,-41.6259650998637,4.12531142044392
FBR3N34,-43.4701993434264,-39.5305241432217,-30.3546492812256
FBR3N35,-44.8612172946444,-32.9270321905066,-9.41943435547338
FBR3N37,-36.1280788493772,-41.1207181558085,16.1950555538183
FBR3N38,-41.8048446888595,-42.9242380062328,-3.23618542571817
FBR3N39,-41.6270135204083,-34.9717722123872,-1.55986598560144
FBR3N41,-39.5037596381046,-42.6020946557357,7.34636428997415
FBR3N44,-35.7757011162106,-37.1082801914779,-31.9846691725949
FBR3N45,-41.6900452889946,-33.9801596962553,24.5251245895535
FBR3N47,-36.1898676213614,-44.840492760099,12.9859009226257
FBR3N48,-36.3058990517781,-43.7022608113739,-4.81640491067359
FBR3N5,-41.3014374239393,-41.2128566592174,-27.1275110047266
FBR3N52,-35.6490523684437,-41.8316770193087,22.3340405991722
FBR3N55,-41.3172949915564,-31.4597720091218,1.75134602140026
FBR3N57,-40.2403163030753,-43.3832712012233,4.48095045894975
FBR3N59,-42.6374303327505,-38.1808986261625,11.5979282018298
FBR3N60,-35.6953683379973,-37.1189327170089,8.44223429390293
FBR3N61,-41.1437712474813,-42.0280109905715,10.872104898421
FBR3N63,-41.4343377087029,-43.2450019898642,29.5171292638981
FBR3N66,-39.6108455119024,-40.8500710607409,-13.6673901266246
FBR3N69,-39.3283436726169,-42.3490744554083,14.7264750766887
FBR3N72,-39.7112288509712,-51.1262125093375,9.0656716768783
FBR3N73,-42.6256810815061,-46.044029536682,26.0082494904908
FBR3N75,-41.9109532926018,-40.8049286256791,-29.3489824224772
FBR3N77,-41.9853071907589,-44.3192385676326,-11.5411731077696
FBR3N78,-33.1759816546718,-34.9775880294365,-30.2935335521025
FBR3N8,-44.4424212119887,-33.1588817704859,7.31900368535915
FBR3N80,-45.9131702869561,-37.8474581266583,-12.1406004925371
FBR3N81,-44.0391646037435,-35.9851626437628,-16.6615778203104
FBR3N82,-36.3514510478384,-39.9866531312821,-26.5705425190603
FBR3N84,-35.6408695737904,-47.6430532510244,-7.76625062697723
FBR3N9,-37.4909155051243,-35.0305086428666,-0.0677982439960927
FBR3N90,-39.0045613658401,-58.2000420805445,31.3288906963823
FBR3N93,-42.3022966071388,-38.2608025119606,-15.661233170599
FBR3N94,-37.0292709531184,-31.7779041623527,12.843036072962
FBR3N95,-31.4121076114569,-36.298357410658,-28.9408518806754
LAR1N100,70.2330800549787,-3.83638392946856,-17.3816759046828
LAR1N103,78.2478306527423,5.2387199150823,-30.0752619654041
LAR1N106,63.3112957647883,-0.152246178612782,11.1625792361377
LAR1N107,70.3209468447304,-8.40540535799615,13.7362189274748
LAR1N108,72.8547274010758,-5.66324981334084,-14.6496683332186
LAR1N109,67.6093125486878,5.97682120822021,-14.1791837768228
LAR1N111,57.4829655383144,-8.49251992187737,12.3888741384792
LAR1N114,64.8762203242436,-8.17284466520527,-2.90516822987601
LAR1N117,72.2392309701624,-0.446875371031028,4.13071910169413
LAR1N119,68.7305893403762,-3.29278407471454,7.28403237197683
LAR1N125,66.4871862578423,-1.577687710917,-13.298801399238
LAR1N69,66.7056744390009,-0.18991449886972,-5.06445990012464
LAR1N72,69.9768711188769,-5.90641054485706,-2.83444078968404
LAR1N74,64.1180469173767,1.90496955901875,-17.0211135958274
LAR1N75,65.9630593291906,-3.42802414392533,4.41321414504918
LAR1N78,62.7190458503375,-7.11608980194506,-9.55841137348486
LAR1N79,69.4073385369601,-3.68369278537027,3.15137162518604
LAR1N81,69.3705414919319,-7.87023394949391,-4.07351224221355
LAR1N83,69.5160041556852,-1.28367020851277,-2.49380289627058
LAR1N85,67.6316560043089,-1.011152611745,10.7623851818232
LAR1N91,67.0247452810998,0.421605384199595,8.92272322559018
LAR1N98,67.4017111330038,3.76216654195844,2.2707750692416
LAR1N99,69.9133520073326,-1.52297312278659,-14.8266797601001
LAR2N1,66.2233846679652,3.00199873709462,14.1742154425665
LAR2N10,68.0981289387091,-11.4011222468107,1.32107708694789
LAR2N100,69.0595380615701,-9.31261480886076,13.1156423520047
LAR2N101,57.5838483685134,-4.36524793763432,2.70766004588276
LAR2N102,71.9879580873197,-8.29348444136209,-4.65650578492055
LAR2N103,63.8913146782507,-5.84168060037831,-7.63933340301567
LAR2N11,68.694062397602,-5.49848647555172,6.58446159963671
LAR2N110,63.3482193524153,-5.16026185590439,18.6294800666211
LAR2N112,68.1516277029827,0.263357103543019,-11.9648672871369
LAR2N113,70.5752577537493,-6.13867367881021,-8.63542014134583
LAR2N115,68.0520772934148,-6.41924750353332,4.99323880638525
LAR2N117,64.5224746960442,-6.07364080919879,-11.4765706495364
LAR2N119,70.1456397617752,-14.1140856907542,7.75648103256512
LAR2N12,64.563133731193,-3.72340466114711,9.16023510721323
LAR2N120,63.6977246881597,2.49528187510149,-6.14020816103606
LAR2N121,75.82559330385,-4.51093331465099,-14.2092577931423
LAR2N17,58.4273273202369,-4.29584629322402,-2.37626162518395
LAR2N18,66.9802842587232,-2.59692083298818,12.4513871501693
LAR2N2,75.3647293175641,2.3275052462958,-16.4632382411991
LAR2N20,67.3463605456187,-5.48100355333401,-15.6041580594806
LAR2N21,75.7128515904144,-0.844692357922767,19.9980581748327
LAR2N22,65.1941669713311,2.88115409388522,-0.98978232982061
LAR2N23,63.9917134378811,-5.48762743877719,5.10536969839702
LAR2N28,63.2024974701834,1.53511777058795,6.79288876046104
LAR2N29,67.1487787197063,-9.67181783264146,0.188611143407018
LAR2N3,63.9691557864986,-3.92557803946278,25.8824554496185
LAR2N31,65.7837010166558,-4.54824345328953,11.6328923723745
LAR2N32,63.9952474301533,-4.23869587343741,24.9424034442047
LAR2N33,70.8992824802425,-5.87941027231923,-5.16085692543109
LAR2N34,57.3525935767946,-4.7119522145758,17.2090349502687
LAR2N35,69.8723065963159,-3.94573598043491,22.0196815284246
LAR2N36,69.0425816034073,0.522395280524961,2.05423234134668
LAR2N37,65.4912541946657,-1.21558249814501,8.5867303847673
LAR2N38,59.2125383950212,-7.30375270844842,-4.89658233484705
LAR2N39,65.4843633543692,-6.51162220757668,7.19434641392928
LAR2N40,73.3608034465704,3.93953663611968,11.5656516951614
LAR2N42,69.5853427518715,0.761506148815075,-2.02043336002011
LAR2N44,68.1506414158461,-1.04267773419623,-15.3896517042439
LAR2N54,62.7333457506261,-0.243178736775186,-2.11129468780486
LAR2N55,65.9956026237499,-8.20450340576789,14.8205285764674
LAR2N56,68.203441898565,-8.24072164560005,-1.20380576527902
LAR2N57,60.586937936891,-11.5202425481423,-5.73806522033761
LAR2N58,62.0600279795955,-2.00637090376777,5.15513561816318
LAR2N59,64.7837543732711,1.3497218523867,-6.54994638648906
LAR2N6,68.1950882820339,-1.98962632723722,3.70076716051876
LAR2N60,68.6389210044281,7.41736106887865,-7.01474302109041
LAR2N62,72.8288869650024,-1.01214896383335,-5.63219962992843
LAR2N63,67.0205278212573,-0.344612090138733,-13.0159207547115
LAR2N65,61.0476895063366,-0.777775005096587,15.909765364254
LAR2N67,75.4498154875315,-0.786601562725426,-9.86684345623958
LAR2N68,72.4032379474904,3.89681446845417,-11.0346242360817
LAR2N69,67.8583064330489,3.8933808524902,2.8678976149387
LAR2N72,62.8318993137724,-3.88556403055532,5.32279164984379
LAR2N73,68.719680035256,-4.91622002573908,-1.37956833476995
LAR2N75,72.275636776165,-1.59121097749726,-5.43318029227869
LAR2N76,68.9015152751199,-2.51763349274721,-1.85135040725906
LAR2N77,72.8600180889169,-0.964789976404585,-2.63126137906552
LAR2N79,63.7714537434141,-11.0477054648612,5.21982503757176
LAR2N8,63.9724798603532,0.205014109750784,-5.15406793233774
LAR2N84,64.1500586506688,-3.0585521834886,-15.6611338828829
LAR2N86,62.807993085413,-7.92049144612463,25.1305651956229
LAR2N88,72.439873818977,0.0425473970178395,15.0615190759129
LAR2N90,64.5225417527354,2.0935450836965,-5.4607277553005
LAR2N91,73.5886233767649,-2.76498272883221,-15.722456775798
LAR2N92,66.9709787565861,-1.30812947472738,12.542636125654
LAR2N94,71.4254452106542,-7.09046562805228,-13.2913384454911
LAR2N97,67.3398029513532,-11.1209562992243,6.5313500814986
LAR2N98,69.6528121959251,-4.34308751079703,3.16065819781922
LAR3N100,64.9530090162683,-1.75687715944159,2.2264689200758
LAR3N101,62.2107518927615,-2.74630650348387,-4.44656034446903
LAR3N108,65.0471077897985,-0.936074197768646,16.523833753004
LAR3N109,66.7413247625694,-5.36448794242101,-8.32227965751951
LAR3N112,75.8262817591937,2.88594948072737,-20.3378046102218
LAR3N113,64.5685991445362,3.70616675762314,-8.18733725099533
LAR3N114,66.7752864209419,-8.4358842412235,3.99219040226114
LAR3N118,69.0843723987676,-2.19947603387029,14.2072911887961
LAR3N12,61.1655632091938,-10.8772786541755,2.63098620637567
LAR3N120,70.61840077848,-3.53640731594917,-10.8053351801647
LAR3N123,66.864705356105,-3.88254273622456,1.35647534081905
LAR3N124,68.1212241819855,-7.38382980491894,-3.37431079138269
LAR3N14,62.7822725720721,-4.19216001875368,9.78164701058377
LAR3N15,68.2281201121543,-11.2783448356954,13.9662136866866
LAR3N16,68.8067374964598,1.08859456638896,-16.9586891109897
LAR3N17,67.167633480427,-2.96162548534398,-9.1928723984832
LAR3N2,68.9428804491527,-2.2914303032706,5.76821419202364
LAR3N20,75.376161152381,-11.3185665286021,1.62437289916034
LAR3N21,57.4790424726354,-4.48468684327147,11.0341070660569
LAR3N23,71.8929042234766,0.581267572486903,-8.34306976515444
LAR3N26,61.7229121787772,-5.86045764931188,-9.32608414607889
LAR3N28,67.7854732297963,0.360323981936214,8.44332080959447
LAR3N3,64.4307040523391,-11.502195620817,16.6034870927611
LAR3N30,64.1231768153883,4.59461388818093,-14.9341081485089
LAR3N31,65.5890187191932,-0.783076166540887,-0.0357183381263336
LAR3N32,69.7332504545014,-1.5114027964544,-5.69979396551276
LAR3N34,68.6483542486338,2.47049113159939,-9.68927549702121
LAR3N36,64.3349463204631,-7.57674258989019,18.3524202748768
LAR3N38,75.9223851845664,-3.84551421899269,-4.13299622966092
LAR3N39,69.3942053937924,1.13615071651757,-6.26667278910722
LAR3N40,64.4910243560219,-2.61220986140624,-12.590840326472
LAR3N41,70.1742868694347,-0.673061284530091,4.38351549704903
LAR3N43,62.7398529106644,-8.10712198199198,13.0060184735899
LAR3N44,63.7606014871748,1.13749229445611,8.36549301746208
LAR3N45,65.4931511979858,-4.63800862457987,2.1122872955595
LAR3N49,62.973838289434,-7.93342379318317,10.0140172972887
LAR3N5,74.8383404596984,-3.24853599224096,10.726999623667
LAR3N52,64.8636594070123,-2.65586331908925,-4.85050710203773
LAR3N53,67.1214639819877,-5.37350136410703,0.479563491731429
LAR3N54,67.0800915630583,-7.4253257111443,-13.5745806156927
LAR3N55,66.6151550932381,0.858349896289261,5.73045260542908
LAR3N57,63.8529936780556,1.75415976158036,5.16803015007246
LAR3N60,71.506424837897,2.23552246338669,-5.00958331257592
LAR3N63,62.362340805909,0.455850958031877,5.43979022175201
LAR3N65,68.9573553474767,-7.63717513071648,-14.6128419909195
LAR3N66,63.4933706866549,-5.66448405770034,19.3164286679148
LAR3N67,66.4696377764611,0.0959430462101221,1.30882354109205
LAR3N71,64.0181108361344,-11.4011493759196,-8.00651474647406
LAR3N74,73.6202966755108,5.38461529817453,-16.3947412794668
LAR3N76,55.7397608429013,-6.81909292539452,-9.16377797508554
LAR3N77,61.5090178245583,-2.79824009275424,5.57643182961246
LAR3N78,70.2724327077379,-6.27195575774225,5.49127317089066
LAR3N79,58.1456915762629,-8.45464035747444,20.8649840233613
LAR3N81,66.7757440981515,-7.58448054894614,9.10142747656624
LAR3N82,63.1845816808543,-4.71977036836219,22.6313664218434
LAR3N83,71.6937101306913,1.18393865017972,-12.883980133353
LAR3N86,66.086982470977,2.00104686061574,0.985293607994204
LAR3N9,65.9185668137419,0.956896612029389,7.57896905024487
LAR3N90,67.674657613866,-0.715388869798175,-22.5535620685625
LAR3N95,62.5411913393643,2.52259479052539,-4.86774889414283
LAR3N96,72.1203483353235,-12.1635181992899,11.834853317071
LAR3N97,68.9451865167687,-5.36745073122353,-5.36910303980894
LAR3N98,68.179793027953,-3.05741276517239,-1.15785257288803
LAR4N1,59.0560942162489,-1.24149472678074,8.59565390703725
LAR4N100,-29.8275984383223,50.2749140046367,-0.402747230972268
LAR4N101,-37.5007722098231,56.4582661481174,-2.07762705091785
LAR4N103,-33.4743051453753,54.529881591436,-14.4497052548282
LAR4N105,-32.1407354956492,59.4118109917204,-12.265135333781
LAR4N108,-31.8199453207524,59.7037581777138,-13.6862323293868
LAR4N109,-27.8231797506562,59.8123612147302,-5.94170071502781
LAR4N11,63.824956571311,-14.3865350824991,-3.31668246402858
LAR4N112,-32.8546930088739,60.1228642835264,-2.44162630549539
LAR4N114,-38.309678243992,59.1529920695173,20.1864162457725
LAR4N116,-34.8908232120656,57.7966510122047,8.5156206524012
LAR4N119,-27.9681922998435,52.9506606840662,9.22936112201238
LAR4N12,69.8396584762289,3.7786730847367,5.27502524615993
LAR4N120,-32.4326227916181,59.9768032167483,3.04975783966703
LAR4N121,-31.4528752709239,57.1090778976028,-5.24807299814415
LAR4N122,-36.3117195865165,56.1727109021256,10.2412912435195
LAR4N123,-26.5368777549363,52.54632315048,21.205771276588
LAR4N13,68.2701141083538,2.26595406105641,18.5409049827962
LAR4N14,59.3542953613807,-10.3846718883521,8.2479200169455
LAR4N16,63.6499237699639,-2.43131264305796,14.2139451402373
LAR4N17,61.5782480705475,-6.97364200720473,-0.0902695437938496
LAR4N18,67.6430398420828,-1.57997493173977,5.6420697559089
LAR4N20,73.6074067723585,-0.725193334467089,-20.4018612923478
LAR4N21,67.8224269636692,2.0634716069195,-13.5126343231833
LAR4N25,66.7676399628805,0.52092601761416,-11.9698351822122
LAR4N28,67.8826131615754,-3.70091156679487,-14.5069984820582
LAR4N30,65.0792422005837,-6.1306832404229,7.2573339346579
LAR4N31,68.1074265020182,-1.67430810752116,-3.6378765571127
LAR4N32,62.2041057913281,-9.62945955463378,-6.40658329847718
LAR4N34,62.2365802053441,-6.47576882913667,10.3413058256182
LAR4N37,64.6765782562168,-4.83329141225174,4.59219110888526
LAR4N38,62.2862942292009,1.51911617105597,9.85670279288724
LAR4N39,65.0512209922082,-1.77352383680141,-5.69378255878018
LAR4N40,64.7884643873369,-1.84144893727545,-5.73621479856927
LAR4N41,66.2846684213249,-5.84060319925005,-9.8689141448578
LAR4N43,63.228604582291,-4.03187245488401,3.39981237314996
LAR4N44,70.3915078742782,3.02874968988104,-14.6317565967257
LAR4N50,-33.8396340478791,57.7237894728007,3.64814088993143
LAR4N53,-35.2682194721379,54.9644282598356,0.259801996769047
LAR4N54,-32.1802861021214,59.8588642455173,2.81038815940099
LAR4N57,-32.0027070085414,59.432998714676,13.6537106002513
LAR4N59,-27.8274594505507,53.554221922409,9.62100506310178
LAR4N6,70.5123952953642,-0.0796383309236219,-12.8092164770883
LAR4N60,-37.4724431831117,52.3109979344603,20.9006181891177
LAR4N61,-38.8324051541054,56.3766425156837,-6.31931559274669
LAR4N63,-36.7906019124959,54.7556940138539,10.7996923647961
LAR4N65,-32.0864523992247,59.2418276791572,-6.60458786494631
LAR4N7,69.1115699457174,2.50558272036916,-9.75055609348026
LAR4N70,-33.2629799198448,58.4245710469644,0.96982879035069
LAR4N71,-33.7345498342089,53.65997539788,9.18209944464133
LAR4N74,-36.7823419339742,58.6420934340209,3.5508215856021
LAR4N76,-37.66576451325,56.1699625757428,-11.6621978996247
LAR4N77,-35.5226987950738,61.0420005790834,0.178591316438297
LAR4N79,-32.7299533200191,55.7730295610407,8.02548308885165
LAR4N8,77.0988809270596,3.38406633207356,-2.00448867296461
LAR4N82,-35.1821182231545,58.0087640918084,-3.88700914412338
LAR4N84,-31.7709755866132,52.2036632076301,16.1084253496165
LAR4N86,-35.5009309621962,61.4604035926865,-2.08978470512446
LAR4N87,-35.7935496605696,57.5894968351931,-15.3204935144165
LAR4N88,-30.3046439759516,64.1719939830688,-28.6525464537734
LAR4N89,-29.8558261994764,56.8727551793108,-15.2362094088568
LAR4N90,-29.6407070373495,64.4140236870915,-10.6700887144509
LAR4N91,-30.6548386537036,60.461560537116,-14.0077665884533
LAR4N92,-34.0534531604104,50.4402019648517,20.2441222650159
LAR5N104,-30.8960407119411,53.7637374034702,7.06747500308615
LAR5N105,-40.6137532720865,53.3432378971748,2.12370246826914
LAR5N107,-31.7108935875517,60.0675303387545,3.41580584137983
LAR5N108,-33.3822075853514,57.9120469708306,14.9617495661496
LAR5N111,-33.7617655320603,54.4248062734365,-9.18263153811405
LAR5N112,-31.8498334076886,64.4007029976576,-11.0412276326872
LAR5N113,-26.544846202441,56.6993751014956,-14.2830359899992
LAR5N118,-34.0370187080224,61.483400905204,-2.42650906240843
LAR5N119,-30.4789316069314,57.968555605302,11.0965535293832
LAR5N120,-33.9606677719224,54.001038579888,6.21451665090201
LAR5N123,-34.7968845808094,61.9088488026859,-18.4142450183817
LAR5N125,-30.1007609624513,63.5370212547279,-3.23629580065452
LAR5N14,-33.1890593931988,65.8206169131777,-1.95308862687411
LAR5N15,-29.3757884571253,59.2957262618496,-18.0792834659949
LAR5N17,-34.5455472024579,58.0209000754862,7.94454560060574
LAR5N18,-28.8892970373832,55.6025335585694,14.2256736742658
LAR5N2,-32.6484596983578,55.7871280880534,10.5518787183103
LAR5N20,-27.4709973868262,59.9531452992429,1.78254596304695
LAR5N24,-29.6283092987891,60.7476991099252,8.00783971615381
LAR5N26,-35.2641682647476,55.7473597735404,15.9473129052319
LAR5N28,-35.9557331134939,65.180993629494,-5.11337252347347
LAR5N3,-28.8867467109416,52.9364060714689,1.17746216374996
LAR5N31,-32.7308404427765,53.1812800395203,30.5478230917202
LAR5N32,-35.9443011481785,52.906022037349,-3.23935917422035
LAR5N34,-34.5847883091008,53.0033364604552,12.1559324628027
LAR5N35,-34.5506265806717,52.9685214614766,12.1357062257002
LAR5N37,-32.9982967123447,62.6546725577517,6.40994204509853
LAR5N38,-30.9826123372221,53.6568071275872,16.984289890229
LAR5N39,-33.3548790168578,67.1351609453186,-22.2240023483689
LAR5N4,-29.4087515978699,59.5491489465513,-6.52838936149142
LAR5N41,-33.8413448660154,55.8306667189236,2.80492392968668
LAR5N42,-37.586947077983,51.3558033529491,13.190248839539
LAR5N47,-27.6327944176544,61.7931298587043,2.35915812488216
LAR5N5,-29.0158359634691,64.2076679579545,-3.18711498777094
LAR5N50,-32.5175409573223,66.5032763882837,-2.74148089396646
LAR5N51,-31.9853813158145,54.2797003356282,16.6905248735279
LAR5N52,-36.7655244811616,63.8120727200396,-22.1585436856144
LAR5N55,-34.6919150838472,66.3823261845264,6.92039766221469
LAR5N56,-29.4467038943998,56.1624909115244,-8.09559727319909
LAR5N57,-35.1074003867958,53.169837493974,21.6548181958148
LAR5N58,-37.0434685321097,51.2105081381437,1.49947847212265
LAR5N62,-32.9492394707533,45.8190403523556,-8.48489498633968
LAR5N63,-34.3389037492663,50.8903865947926,14.3301953489974
LAR5N64,-33.2455279524703,53.8792187236765,29.9355907162868
LAR5N65,-37.0193203736174,51.7490182591962,1.60248892272837
LAR5N66,-29.7961863855308,57.6403695091194,26.8949835512272
LAR5N67,-30.3037416461088,55.4760569329901,0.896538992919299
LAR5N68,-32.5730587087507,63.5939316829604,-10.3779414599156
LAR5N69,-31.8587802332907,59.6796768940826,18.7518665560459
LAR5N70,-30.4446820955972,59.1049133672103,-5.65600540710348
LAR5N72,-31.4274634880906,58.4279437961923,-14.6820951166428
LAR5N73,-29.3519323626322,58.4340677910108,-25.7865834441332
LAR5N74,-32.1942900717508,55.8292237286259,-14.88261036641
LAR5N75,-32.5643373686755,58.5439969466219,-14.0693703758329
LAR5N76,-33.5918652951127,52.570182050817,-5.12544336979375
LAR5N77,-32.5428362693802,56.2605026539307,-11.8787848598691
LAR5N78,-26.0630714073252,56.9322572268968,10.7230152109328
LAR5N8,-26.0365744542472,68.2863417824493,-8.46169686251898
LAR5N80,-30.4400250876542,53.8930640732382,11.0564242946432
LAR5N86,-29.2355529941058,55.8219434961045,-7.05876644868669
LAR5N88,-31.4418830009094,61.0458605982319,3.99031119438319
LAR5N89,-27.7192617980957,56.5837754134202,-3.81264367869383
LAR5N9,-37.3949740828405,55.6225477984275,-6.25580211446789
LAR5N96,-36.0889408384982,56.254093522027,-10.6132813966636
LAR5N97,-37.1799011970185,53.630450298683,-13.1330655202913
LAR5N99,-30.5590843385479,57.557283640352,4.26383559152864
LAR6N10,-38.4682355725046,54.1746558882424,15.1645358884983
LAR6N12,-33.7930887304116,58.860770695802,1.46806749334113
LAR6N13,-27.9142181684616,65.2000703563088,-6.65652436116318
LAR6N14,-30.3718421656625,58.1017959212195,6.91783362977052
LAR6N17,-34.3007240170546,61.7375272291879,-18.323821938431
LAR6N2,-31.7176456104972,59.8461613098827,4.33397890050675
LAR6N22,-33.029097582966,51.7435547888285,-2.31978172354078
LAR6N25,-34.2599333791278,57.9011574770385,-8.73853466851716
LAR6N27,-29.1440298909752,62.5199056767807,-20.1866541127956
LAR6N28,-30.7116821689999,64.4172098743214,-12.3926642901665
LAR6N3,-33.3087890321988,57.2584920080631,1.742475411632
LAR6N30,-30.9503059836201,62.3001813263529,-13.6533855205829
LAR6N31,-29.2033439856402,56.0806933390281,-2.59032628079642
LAR6N38,-32.3609273158675,53.5591964192296,-7.29605749698247
LAR6N39,-32.474989231149,63.6055357649326,0.315953490963278
LAR6N4,-34.0996389243145,54.9555029331378,8.52276150491918
LAR6N40,-29.9458184912501,50.7010842676113,1.37444434194669
LAR6N43,-36.0372436750445,53.4963964627556,-6.03223602191795
LAR6N44,-25.4879537741571,54.7670373598058,0.395734243208101
LAR6N45,-38.4549121288631,54.8331420897361,22.0308460184842
LAR6N46,-38.4492417818211,54.8145681750235,22.0500110030939
LAR6N47,-34.9675382031103,54.7789436665992,16.4872982581376
LAR6N49,-33.6505856968541,59.3837903166038,-9.90247502774886
LAR6N5,-29.5416585910308,58.477986493481,8.48772993375917
LAR6N50,-28.1436265273761,69.7863655127447,-2.24911032337723
LAR6N51,-28.9693716470049,54.9719443974268,-10.6224738559367
LAR6N52,-34.3863900660396,55.9182335061742,-8.59168711521656
LAR6N54,-30.4405551664944,56.143692344289,-6.59452541004689
LAR6N55,-37.7550780325294,62.293100203896,8.33312330503371
LAR6N57,-33.4665071099669,51.3275305592263,1.85819411003849
LAR6N60,-38.6000548418961,56.5075345213297,20.0694429953593
LAR6N64,-31.1728703060662,52.0598584230762,6.81980571678764
LAR6N65,-37.1257878552658,58.9754077745961,-1.82262548306432
LAR6N66,-33.9561761501524,52.4553159977059,4.87354840493509
LAR6N74,-23.6935992032471,52.1469113365461,22.7412423869128
LAR6N75,-28.7430188430495,61.9842555012042,-19.1257504432439
LAR6N8,-31.7744827406729,55.0149318787283,-19.2255152007673
LAR6N9,-32.6758630183786,61.2242558957703,1.24199926660252
