,SNP,Chr,Pos,P.value,MAF,traits
3421,AX-115566781, 3, 4033128,0.00000004065405454170829981259960,0.23505155,BLINK.INL(NYC)
10761,AX-635439049, 7,14080603,0.00000000000086144779109373995499,0.17768691,BLINK.INL(NYC)
11333,AX-115441259, 7,30572853,0.00000004382860941682309952223406,0.48659794,BLINK.INL(NYC)
14120,AX-115188144, 9,15471806,0.00000000000000000000000003343916,0.08762887,BLINK.INL(NYC)
15377,AX-105204030,10, 7835638,0.00000000000000000160579268959437,0.34432990,BLINK.INL(NYC)
15968,AX-115302141,10,37706857,0.00000001617538634593659847967992,0.37938144,BLINK.INL(NYC)
19247,AX-115186810,12,23459101,0.00000000000000039520307785680699,0.07541805,BLINK.INL(NYC)
21377,AX-635445376,13,32143239,0.00000000000000000000127189151123,0.08265281,BLINK.INL(NYC)
22767,AX-635452059,14,24847084,0.00000000390803183775378993420821,0.08471670,BLINK.INL(NYC)
23299,AX-115363901,15, 3717587,0.00000001194774758563190034848026,0.49278351,BLINK.INL(NYC)
23729,AX-115551942,15,11377264,0.00000034022387294495601945624325,0.47628866,BLINK.INL(NYC)
25444,AX-115524114,15,49938957,0.00000000377350174200840005273375,0.36558869,BLINK.INL(NYC)
3619,AX-115320876, 3, 7074881,0.000000135883586621272,0.2757202,BLINK.LSA(NYC)
4235,AX-635435421, 3,24029838,0.000000000116777030790,0.2391996,BLINK.LSA(NYC)
4308,AX-115193825, 3,25513557,0.000000000000080267592,0.1608239,BLINK.LSA(NYC)
5051,AX-115198717, 4, 1579269,0.000000000649590214060,0.3580247,BLINK.LSA(NYC)
5530,AX-115387643, 4,10636700,0.000000176925517219041,0.4360682,BLINK.LSA(NYC)
5562,AX-115208033, 4,10942551,0.000000005618875613126,0.1690908,BLINK.LSA(NYC)
7165,AX-115355752, 5,17272403,0.000000000000829779380,0.3065844,BLINK.LSA(NYC)
8277,AX-115345798, 5,40990261,0.000000001089495938252,0.2016461,BLINK.LSA(NYC)
9839,AX-115242262, 6,27429474,0.000000767147991534988,0.2654321,BLINK.LSA(NYC)
12527,AX-115410404, 8,17363697,0.000000000000004559750,0.3996852,BLINK.LSA(NYC)
13436,AX-115481336, 9, 3500623,0.000000000000007757646,0.1532922,BLINK.LSA(NYC)
15611,AX-115465208,10,12651219,0.000000000000168545131,0.3062158,BLINK.LSA(NYC)
20998,AX-115309705,13,20801123,0.000000085896371379148,0.1860199,BLINK.LSA(NYC)
23417,AX-105205307,15, 5706769,0.000000000000002409822,0.3343621,BLINK.LSA(NYC)
23989,AX-115256901,15,16783452,0.000000000000015043451,0.2685185,BLINK.LSA(NYC)
3016,AX-115182881, 2,34707593,0.0000000000004232538,0.4837728,BLINK.TBZP(NYC)
6784,AX-635436512, 5, 6740260,0.0000000000592053927,0.0654649,BLINK.TBZP(NYC)
8260,AX-115246274, 5,40704958,0.0000008264408631076,0.3971418,BLINK.TBZP(NYC)
14630,AX-115306042, 9,29447828,0.0000000940344371181,0.4888438,BLINK.TBZP(NYC)
16073,AX-115248616,10,39332193,0.0000000126527372746,0.4918864,BLINK.TBZP(NYC)
17959,AX-105189481,11,40158405,0.0000000000051346903,0.1703854,BLINK.TBZP(NYC)
24900,AX-115537329,15,38286603,0.0000000245889421319,0.3228133,BLINK.TBZP(NYC)
28045,AX-115546118,17, 9316027,0.0000000809163855031,0.3438134,BLINK.TBZP(NYC)
1097,AX-635433779, 1,29189582,0.00000024066829613806600962622184,0.36381786,BLINK.TC(NYC)
2203,AX-105209732, 2,16428881,0.00000016935117516302000575771636,0.23780765,BLINK.TC(NYC)
8085,AX-115445809, 5,36743186,0.00000000677539471182256033878616,0.33367140,BLINK.TC(NYC)
10023,AX-115182061, 6,32865902,0.00000003130745681767179765340320,0.25862069,BLINK.TC(NYC)
10396,AX-115634570, 7, 5552842,0.00000000000017700075535643300414,0.48678946,BLINK.TC(NYC)
10942,AX-115200920, 7,19969527,0.00000066074384779561699324035295,0.13995943,BLINK.TC(NYC)
14214,AX-115221253, 9,17262711,0.00000000000000066039401922649697,0.32279727,BLINK.TC(NYC)
17145,AX-115657589,11,20543813,0.00000001214032088217689938670907,0.48985003,BLINK.TC(NYC)
17255,AX-115635769,11,24531069,0.00000000024603897385917699847623,0.18494753,BLINK.TC(NYC)
19165,AX-635444131,12,22141159,0.00000000197416987728421002273177,0.19265577,BLINK.TC(NYC)
19192,AX-115452302,12,22485471,0.00000000070158894610638395999622,0.28949355,BLINK.TC(NYC)
20712,AX-115523737,13,15211125,0.00000043776536164507598219639006,0.44117647,BLINK.TC(NYC)
22353,AX-635452232,14,15129399,0.00000000000049376583245825696731,0.07819145,BLINK.TC(NYC)
23436,AX-115185269,15, 5964364,0.00000000000000000000000006146188,0.18356998,BLINK.TC(NYC)
27571,AX-105204111,17, 1612101,0.00000000000000000000064288405194,0.34077079,BLINK.TC(NYC)
1198,AX-115368521, 1,31258410,0.00000007868331325635,0.3836759,BLINK.TL(NYC)
10780,AX-115408588, 7,14355094,0.00000000000005278188,0.4378819,BLINK.TL(NYC)
12868,AX-115497930, 8,25005507,0.00000007294123025763,0.1405295,BLINK.TL(NYC)
21377,AX-635445376,13,32143239,0.00000007105808244145,0.0816428,BLINK.TL(NYC)
27494,AX-115417746,17,  191164,0.00000026494147129937,0.3401222,BLINK.TL(NYC)
