Trait;SNP;Chr;physical position (bp);signif GEMMA;signif MLMM;-log10(pval) GEMMA;-log10(pval) MLMM;MAF;allele1;allele0;beta GEMMA;pve;mode
a_volume;AX-115238189;13;3297680;yes;no;5.68;NA;0.247;G;T;0.1;0.08;0.39
a_volume;AX-115602433;13;3367459;yes;yes;5.83;5.83;0.234;C;T;0.1;0.09;0.8
c_volume;AX-115340871;9;369908;no;yes;4.74;6.68;0.102;A;G;-0.66;0.08;0.1
c_volume;AX-115368469;11;7141259;no;yes;4.23;6.02;0.062;T;C;0.7;0.08;NA
c_volume;AX-115277480;12;26145530;no;yes;4.67;6.03;0.135;T;C;0.55;0.09;1.24
ci;AX-115549637;10;9180743;no;yes;4.96;5.66;0.079;G;A;0.05;0.09;NA
ci;AX-115209148;15;7537144;yes;yes;5.77;6.5;0.257;T;C;0.04;0.04;-0.02
Dim.1;AX-115374200;4;21510019;no;yes;5.04;5.84;0.147;A;G;-0.66;0.08;0.44
Dim.1;AX-115238189;13;3297680;yes;no;5.92;NA;0.247;G;T;0.52;0.09;0.36
Dim.1;AX-115602433;13;3367459;yes;yes;6.24;6.45;0.234;C;T;0.54;0.1;0.77
Dim.2;AX-115510439;7;25727027;yes;yes;5.73;9.4;0.077;G;A;0.82;0.06;NA
Dim.2;AX-115305778;8;10219754;no;yes;3.76;10.5;0.172;A;G;0.47;0.07;0.08
Dim.2;AX-115559361;15;41277241;no;yes;2.19;6.27;0.261;C;T;0.34;0.02;-0.12
Dim.2;AX-115332611;16;3809616;no;yes;1.53;6.07;0.421;T;C;-0.25;0.02;2.02
Dim.2;AX-115269374;18;5115;no;yes;4.54;8.19;0.139;G;T;0.58;0.05;-0.07
nb_axes;AX-115503030;6;35983610;no;yes;3.07;6.64;0.4;G;T;24.34;0.08;-0.82
nb_axes;AX-115201917;8;3193084;yes;yes;5.86;8.67;0.398;T;C;41.76;0.13;-0.3
nb_axes;AX-115519826;16;3197573;no;yes;2.08;6.58;0.197;G;T;29.05;0.07;-0.47
nb_axes;AX-115299922;16;8789484;no;yes;3.41;7.22;0.052;C;A;58.55;0.06;0.27
nb_axes;AX-115298751;17;27209527;no;yes;4.3;8.28;0.266;C;T;33.9;0.08;0.02
TCSA;AX-115511400;2;14313043;yes;yes;5.89;6.62;0.102;A;C;-0.92;0.09;-0.55
TCSA;AX-115612404;8;26695594;yes;yes;5.69;6.34;0.156;G;A;-0.77;0.09;-0.44
TCSA;AX-115401382;18;960;no;yes;5;5.86;0.465;G;A;0.54;0.07;0.02
total_length;AX-105214995;4;21791671;yes;yes;5.84;5.84;0.176;T;G;-5.24;0.11;0.94
