"SNP","Chr","Pos","P.value","Trait","Year","FDR_BH"
"AX-115401623","3",8562721,1.75794228791174e-06,"INL",2017,0.0084249008386729
"AX-115229040","3",26600684,6.71547836920075e-06,"INL",2017,0.016267127102994
"AX-115442037","4",23675712,5.30099826911072e-09,"INL",2017,5.13631392288368e-05
"AX-115247011","6",34042985,2.3186736861629e-06,"INL",2017,0.0084249008386729
"AX-105213486","10",3134882,2.27654005659064e-06,"INL",2017,0.0084249008386729
"AX-115508496","10",3243594,1.33001842175651e-05,"INL",2017,0.0297392119104756
"AX-115237442","10",10928223,4.75608323522109e-06,"INL",2017,0.0136098378091523
"AX-115228189","10",37114262,2.09998214401354e-05,"INL",2017,0.0406948539747904
"AX-635456571","11",11846445,4.70733498732282e-06,"INL",2017,0.0136098378091523
"AX-115454872","11",15329599,5.15027576374965e-06,"INL",2017,0.0136098378091523
"AX-115281248","12",17293855,1.83203282631222e-08,"INL",2017,0.000133133825488109
"AX-115650978","13",10999059,4.97523686779598e-08,"INL",2017,0.000289240370546187
"AX-635445376","13",32143239,6.59503499723027e-16,"INL",2017,1.9170447729949e-11
"AX-115567007","14",22565163,3.19824971246841e-15,"INL",2017,4.64833613210159e-11
"AX-115208157","15",14520509,1.76483812925003e-05,"INL",2017,0.0366430819578856
"AX-635435349","3",20306737,5.94785414627967e-11,"LSA",2017,3.45784448648115e-07
"AX-115285761","7",13263232,1.3645956325649e-08,"LSA",2017,6.61101097456609e-05
"AX-635457540","8",19277785,2.33154589297494e-12,"LSA",2017,3.38866880084978e-08
"AX-115376498","10",8685645,1.47993742871756e-11,"LSA",2017,1.43396070593207e-07
"AX-115422195","10",39892366,1.99102124402239e-17,"LSA",2017,5.78750055212428e-13
"AX-115258764","12",3702019,4.49938909463267e-11,"LSA",2017,3.26970605506956e-07
"AX-635444623","13",14595421,1.9536881827444e-06,"LSA",2017,0.00709872601200178
"AX-115259686","15",31240438,4.3738299298222e-08,"LSA",2017,0.000181626412000102
"AX-115468010","1",17044232,9.41431338808294e-10,"TBZP",2017,3.04061401738661e-06
"AX-115405726","2",31954773,3.63676781843425e-08,"TBZP",2017,8.80946391218723e-05
"AX-115577922","3",33122199,1.68255945528064e-09,"TBZP",2017,4.89086382460976e-06
"AX-115293243","4",8139207,4.53101691242767e-11,"TBZP",2017,2.19512666017413e-07
"AX-115314369","5",30272303,3.00828369029354e-11,"TBZP",2017,1.74889580618905e-07
"AX-115448895","7",34496892,5.63747145966759e-13,"TBZP",2017,4.09675050974044e-09
"AX-115410404","8",17363697,8.97172887202293e-08,"TBZP",2017,0.000200607857578433
"AX-115302409","10",2960227,2.96012355068755e-09,"TBZP",2017,7.82226103376234e-06
"AX-115184073","10",14877012,4.32650838266083e-07,"TBZP",2017,0.000838419637781233
"AX-115386261","10",40720816,4.71865421834309e-06,"TBZP",2017,0.00857261505117481
"AX-115185477","11",20760382,7.05808431642568e-16,"TBZP",2017,6.83881316366206e-12
"AX-115184315","11",35241884,4.10948896696541e-10,"TBZP",2017,1.49318281614688e-06
"AX-115271606","13",15087115,2.29438841198266e-10,"TBZP",2017,9.52761176564457e-07
"AX-115637773","14",9576967,5.36414964015577e-18,"TBZP",2017,1.32911107762384e-13
"AX-105214795","14",31469031,3.11732593620774e-07,"TBZP",2017,0.000647245930812047
"AX-115201065","17",5862746,9.14484022033739e-18,"TBZP",2017,1.32911107762384e-13
"AX-115286231","1",13519237,4.52200950406916e-09,"TC",2017,6.25932248877535e-06
"AX-115192211","2",11530501,7.21544997174406e-05,"TC",2017,0.0499377856615848
"AX-115543661","2",26638933,8.31457220583517e-13,"TC",2017,2.01406654066014e-09
"AX-105205016","2",32441040,3.70141224731218e-05,"TC",2017,0.0307407574871058
"AX-115299949","3",29625007,6.19658266539081e-05,"TC",2017,0.0461851961327128
"AX-635456627","3",37081625,6.09209471354339e-05,"TC",2017,0.0461851961327128
"AX-115523268","4",2082392,2.23321504343492e-09,"TC",2017,3.24575474412831e-06
"AX-115387642","4",10636880,1.61580456414255e-17,"TC",2017,9.39364141409913e-14
"AX-635436323","4",21633180,7.25750741605198e-10,"TC",2017,1.17200680872111e-06
"AX-115324345","4",28420311,1.42988249634276e-06,"TC",2017,0.00134076852915133
"AX-115604410","5",43393735,6.78457746498551e-05,"TC",2017,0.0493035244380497
"AX-115196498","6",26327697,4.73651110632131e-13,"TC",2017,1.25164458944134e-09
"AX-115196627","6",32194829,6.23310433604861e-14,"TC",2017,2.26479846050326e-10
"AX-115192862","7",12711559,1.09807644202713e-13,"TC",2017,3.19188860168446e-10
"AX-635440051","8",18124068,9.22546069063701e-24,"TC",2017,2.68165691355437e-19
"AX-115329783","9",14970227,4.13736254090705e-10,"TC",2017,7.07440319641683e-07
"AX-115487380","9",32444384,6.14502348397414e-07,"TC",2017,0.000637941223686287
"AX-115270580","10",2078664,4.74661826991368e-12,"TC",2017,9.85533570498935e-09
"AX-115480508","10",19936885,9.21252194159866e-09,"TC",2017,1.21722539908359e-05
"AX-115220559","10",38185578,9.81733575990222e-07,"TC",2017,0.000951234386229459
"AX-115588190","10",41130569,8.23082429531507e-07,"TC",2017,0.000825012415917995
"AX-115481149","11",1677032,9.21148427370881e-10,"TC",2017,1.40926013088509e-06
"AX-115395448","11",9874088,1.45304860546534e-07,"TC",2017,0.000162450834091025
"AX-105213082","11",24058861,8.1036407332715e-08,"TC",2017,9.42226515338944e-05
"AX-115517588","11",31352921,4.75642937824062e-06,"TC",2017,0.00432062153645932
"AX-635443693","11",42519844,7.19694895882513e-05,"TC",2017,0.0499377856615848
"AX-115186264","12",5205527,5.51417715002292e-07,"TC",2017,0.000593652227395801
"AX-115400610","12",15563209,4.16481479539885e-15,"TC",2017,1.72946909246648e-11
"AX-115447814","13",272741,4.60559931584091e-05,"TC",2017,0.0371876558091288
"AX-115187979","13",19159123,1.01894308642342e-17,"TC",2017,7.40465940903899e-14
"AX-635456588","13",36442941,1.90969793150561e-05,"TC",2017,0.01682154529485
"AX-115475792","14",5676253,1.75621482150995e-12,"TC",2017,3.92689634089625e-09
"AX-115331659","14",16009355,1.63887149631235e-08,"TC",2017,2.07124855020902e-05
"AX-115480864","14",27664837,3.18128342846985e-10,"TC",2017,5.7795966686726e-07
"AX-115464436","15",3939976,3.57802587993768e-05,"TC",2017,0.0305900165523613
"AX-115656788","15",6765525,5.92463220903802e-05,"TC",2017,0.0461851961327128
"AX-115404032","15",11771397,9.87934035318038e-19,"TC",2017,9.63692165589282e-15
"AX-115459681","15",24236510,8.32855162758638e-14,"TC",2017,2.68993709678534e-10
"AX-115190780","16",8480079,7.5600518025793e-16,"TC",2017,3.66259309662292e-12
"AX-115518842","16",28892116,2.60869222231724e-08,"TC",2017,3.15956106326323e-05
"AX-115478990","17",16899467,3.32215491635852e-11,"TC",2017,6.43789327391396e-08
"AX-115191961","17",31752560,9.94590786007928e-19,"TC",2017,9.63692165589282e-15
"AX-115622902","4",21634718,3.73992854660476e-07,"TL",2017,0.00120791381103008
"AX-115408588","7",14355094,7.65594360301521e-08,"TL",2017,0.000278178710815558
"AX-635440233","8",20524838,4.83312836741421e-11,"TL",2017,4.68297917946654e-07
"AX-115406167","10",19776235,2.21869630780896e-09,"TL",2017,1.61232660688477e-05
"AX-115228184","10",37112346,3.34504995259068e-09,"TL",2017,1.94467824043812e-05
"AX-115623416","11",11084716,4.35188700831543e-08,"TL",2017,0.000210834419262855
"AX-115576814","11",12891087,3.33714985737191e-12,"TL",2017,4.85021360270433e-08
"AX-635445376","13",32143239,1.30163955519711e-18,"TL",2017,3.78360585904696e-14
"AX-635456671","15",2580784,4.32531016011584e-07,"TL",2017,0.00125728115734247
"AX-115323144","15",17046600,7.38481480038403e-08,"TL",2017,0.000278178710815558
"AX-115566781","3",4033128,4.06540545417083e-08,"INL",2018,0.000115819092593474
"AX-115266011","3",27384489,1.69783367288336e-05,"INL",2018,0.0334693277445338
"AX-635439049","7",14080603,8.6144779109374e-13,"INL",2018,5.00811287830257e-09
"AX-635439497","7",28442014,3.08730911658444e-05,"INL",2018,0.0498566118893758
"AX-115441259","7",30572853,4.38286094168231e-08,"INL",2018,0.000115819092593474
"AX-115188144","9",15471806,3.34391624227295e-26,"INL",2018,9.72009573303901e-22
"AX-105204030","10",7835638,1.60579268959437e-18,"INL",2018,1.55590606337097e-14
"AX-115377215","10",11512100,2.88416462015182e-05,"INL",2018,0.0493158218697489
"AX-115307410","10",11590321,2.88416462015182e-05,"INL",2018,0.0493158218697489
"AX-115552925","10",11861966,1.72712232065504e-05,"INL",2018,0.0334693277445338
"AX-115302141","10",37706857,1.61753863459366e-08,"INL",2018,5.22429033670761e-05
"AX-115186810","12",23459101,3.95203077856807e-16,"INL",2018,2.87194076678542e-12
"AX-635445376","13",32143239,1.27189151123213e-21,"INL",2018,1.84856712242478e-17
"AX-635452059","14",24847084,3.90803183775379e-09,"INL",2018,1.62283813514039e-05
"AX-115363901","15",3717587,1.19477475856319e-08,"INL",2018,4.34121408523935e-05
"AX-115551942","15",11377264,3.40223872944956e-07,"INL",2018,0.000824135628230332
"AX-115524114","15",49938957,3.7735017420084e-09,"INL",2018,1.62283813514039e-05
"AX-115430272","17",6754036,1.02541496224746e-05,"INL",2018,0.0229282785558532
"AX-115363924","1",293028,6.0380150506259e-05,"LSA",2018,0.0441835115564816
"AX-115352338","1",5935130,6.0380150506259e-05,"LSA",2018,0.0441835115564816
"AX-115391758","1",6050454,6.03801420322802e-05,"LSA",2018,0.0441835115564816
"AX-115193621","1",6204253,4.60780791191107e-05,"LSA",2018,0.0382685029666946
"AX-115193615","1",6213110,6.03801420322802e-05,"LSA",2018,0.0441835115564816
"AX-115535472","1",6511564,3.29220319750062e-05,"LSA",2018,0.0306859269029982
"AX-115483517","1",7234356,3.29220319750062e-05,"LSA",2018,0.0306859269029982
"AX-115411164","1",7447701,3.29220319750062e-05,"LSA",2018,0.0306859269029982
"AX-115468611","1",7655034,3.30040448805804e-05,"LSA",2018,0.0306859269029982
"AX-115192177","1",7862348,3.15987525294227e-05,"LSA",2018,0.0306859269029982
"AX-635433179","1",7897527,3.07755398955442e-05,"LSA",2018,0.0306859269029982
"AX-115608351","1",7897597,3.15987518641346e-05,"LSA",2018,0.0306859269029982
"AX-115192369","1",8294735,2.71902972026287e-05,"LSA",2018,0.0306859269029982
"AX-115433188","1",8678446,1.31639293011187e-05,"LSA",2018,0.0201925292262384
"AX-115183060","1",9606577,1.73781958241481e-05,"LSA",2018,0.0240547331531589
"AX-115238835","2",7302626,3.83271615211961e-06,"LSA",2018,0.00655349371234193
"AX-115320876","3",7074881,1.35883586621272e-07,"LSA",2018,0.000303835699685164
"AX-635435421","3",24029838,1.16777030789784e-10,"LSA",2018,4.2430934137468e-07
"AX-115193825","3",25513557,8.02675923565194e-14,"LSA",2018,4.66643674923861e-10
"AX-115229044","3",26599662,3.29776543875318e-05,"LSA",2018,0.0306859269029982
"AX-115198717","4",1579269,6.49590214060247e-10,"LSA",2018,2.0980320380337e-06
"AX-115387643","4",10636700,1.76925517219041e-07,"LSA",2018,0.000367347923894506
"AX-115208033","4",10942551,5.61887561312606e-09,"LSA",2018,1.48481342111226e-05
"AX-115355752","5",17272403,8.29779380410657e-13,"LSA",2018,3.445718147111e-09
"AX-115345798","5",40990261,1.0894959382524e-09,"LSA",2018,3.16694679331208e-06
"AX-115242262","6",27429474,7.67147991534988e-07,"LSA",2018,0.00148663052119594
"AX-115197764","7",25426237,6.08002085543988e-05,"LSA",2018,0.0441835115564816
"AX-115410404","8",17363697,4.55974978041755e-15,"LSA",2018,6.62714033085887e-11
"AX-115481336","9",3500623,7.75764556939643e-15,"LSA",2018,7.51664138037385e-11
"AX-115465208","10",12651219,1.68545131269889e-13,"LSA",2018,8.16544979292189e-10
"AX-115422186","10",39890770,4.5893162529286e-05,"LSA",2018,0.0382685029666946
"AX-115184875","10",40463757,2.93828849865023e-05,"LSA",2018,0.0306859269029982
"AX-115386257","10",40721375,1.38933048205851e-05,"LSA",2018,0.0201925292262384
"AX-115184880","10",40734467,1.38933024512856e-05,"LSA",2018,0.0201925292262384
"AX-635457687","13",10855022,2.75719379834859e-06,"LSA",2018,0.0050091318331498
"AX-115309705","13",20801123,8.58963713791481e-08,"LSA",2018,0.00020806964360409
"AX-105205307","15",5706769,2.40982206748385e-15,"LSA",2018,6.62714033085887e-11
"AX-115256901","15",16783452,1.50434512304798e-14,"LSA",2018,1.09320760091897e-10
"AX-115196755","15",44084722,3.48367822966472e-05,"LSA",2018,0.0306859269029982
"AX-115319281","16",6547220,3.41197604036274e-05,"LSA",2018,0.0306859269029982
"AX-115182881","2",34707593,4.23253782842659e-13,"TBZP",2018,1.23031409596704e-08
"AX-635436512","5",6740260,5.92053927369623e-11,"TBZP",2018,5.7366078535934e-07
"AX-115246274","5",40704958,8.26440863107588e-07,"TBZP",2018,0.00300287287610142
"AX-115306042","9",29447828,9.40344371181048e-08,"TBZP",2018,0.000390484716878439
"AX-635457707","10",37838541,1.33424704946742e-05,"TBZP",2018,0.0430932147043544
"AX-115248616","10",39332193,1.26527372746188e-08,"TBZP",2018,9.19474417746548e-05
"AX-105189481","11",40158405,5.1346903407923e-12,"TBZP",2018,7.46275894130753e-08
"AX-115537329","15",38286603,2.45889421319456e-08,"TBZP",2018,0.000142950273978279
"AX-115546118","17",9316027,8.09163855031325e-08,"TBZP",2018,0.000390484716878439
"AX-635433779","1",29189582,2.40668296138066e-07,"TC",2018,0.000538134310164716
"AX-105209732","2",16428881,1.6935117516302e-07,"TC",2018,0.000410224996636556
"AX-115445809","5",36743186,6.77539471182256e-09,"TC",2018,2.18830192759176e-05
"AX-115182061","6",32865902,3.13074568176718e-08,"TC",2018,8.27313777069167e-05
"AX-115634570","7",5552842,1.77000755356433e-13,"TC",2018,1.2862644891752e-09
"AX-115200920","7",19969527,6.60743847795617e-07,"TC",2018,0.0012804334778482
"AX-115221253","9",17262711,6.60394019226497e-16,"TC",2018,6.39877778362527e-12
"AX-115657589","11",20543813,1.21403208821769e-08,"TC",2018,3.52894847403118e-05
"AX-115635769","11",24531069,2.46038973859177e-10,"TC",2018,1.19197681535643e-06
"AX-115186689","12",6631768,9.36099115257236e-06,"TC",2018,0.0170065806764358
"AX-635444131","12",22141159,1.97416987728421e-09,"TC",2018,7.17314624911218e-06
"AX-115452302","12",22485471,7.01588946106384e-10,"TC",2018,2.91339821220291e-06
"AX-635449663","12",24204777,1.29592507419298e-05,"TC",2018,0.0221587941509656
"AX-115523737","13",15211125,4.37765361645076e-07,"TC",2018,0.000908925966592791
"AX-635452232","14",15129399,4.93765832458257e-13,"TC",2018,2.87055704357932e-09
"AX-115185269","15",5964364,6.14618833050927e-26,"TC",2018,1.78657402391243e-21
"AX-105204111","17",1612101,6.42884051944335e-22,"TC",2018,9.34367681095896e-18
"AX-115368521","1",31258410,7.86833132563475e-08,"TL",2018,0.000571791637433877
"AX-115361219","5",18585935,4.93395214371506e-06,"TL",2018,0.0239033534855849
"AX-115408588","7",14355094,5.27818800991409e-14,"TL",2018,1.53426369072183e-09
"AX-115497930","8",25005507,7.29412302576294e-08,"TL",2018,0.000571791637433877
"AX-115198432","8",28289460,7.52345525959008e-06,"TL",2018,0.0312416853551092
"AX-635440430","8",30245024,9.40826737434288e-06,"TL",2018,0.0341849395046749
"AX-635445376","13",32143239,7.1058082441454e-08,"TL",2018,0.000571791637433877
"AX-115417746","17",191164,2.64941471299372e-07,"TL",2018,0.00154026373754603
