"Trait","Year","SNP1","SNP2","FDR_BH","chr1","pos1","chr2","pos2"
"INL",2017,"AX-115237442","AX-115281248",0.00747292258652221,"10",10928223,"12",17293855
"INL",2017,"AX-115454872","AX-115567007",0.0275877708460737,"11",15329599,"14",22565163
"INL",2017,"AX-115281248","AX-635445376",0.0162519919412746,"12",17293855,"13",32143239
"LSA",2017,"AX-115285761","AX-635457540",0.0452305945943725,"7",13263232,"8",19277785
"TBZP",2017,"AX-115468010","AX-115637773",0.0258281276079141,"1",17044232,"14",9576967
"TBZP",2017,"AX-115314369","AX-115386261",0.0445683833948462,"5",30272303,"10",40720816
"TBZP",2017,"AX-115314369","AX-105214795",0.0283437696209965,"5",30272303,"14",31469031
"TBZP",2017,"AX-115448895","AX-115184073",0.0195840564985467,"7",34496892,"10",14877012
"TBZP",2017,"AX-115185477","AX-115201065",0.0269293710161314,"11",20760382,"17",5862746
"TC",2017,"AX-115286231","AX-115588190",0.035597538319585,"1",13519237,"10",41130569
"TC",2017,"AX-115286231","AX-115480864",0.00562430928669903,"1",13519237,"14",27664837
"TC",2017,"AX-115192211","AX-115480864",0.0278214424748477,"2",11530501,"14",27664837
"TC",2017,"AX-115192211","AX-115464436",0.0199905896505668,"2",11530501,"15",3939976
"TC",2017,"AX-105205016","AX-115480864",0.0180918459156439,"2",32441040,"14",27664837
"TC",2017,"AX-115299949","AX-115192862",0.0180918459156439,"3",29625007,"7",12711559
"TC",2017,"AX-115299949","AX-115400610",0.0200474976411935,"3",29625007,"12",15563209
"TC",2017,"AX-115299949","AX-115191961",0.035597538319585,"3",29625007,"17",31752560
"TC",2017,"AX-635436323","AX-635440051",0.0482197096696349,"4",21633180,"8",18124068
"INL",2018,"AX-115566781","AX-635439497",3.13679376899856e-06,"3",4033128,"7",28442014
"INL",2018,"AX-115566781","AX-115552925",0.0441741568991349,"3",4033128,"10",11861966
"INL",2018,"AX-115566781","AX-115551942",0.0315453518062136,"3",4033128,"15",11377264
"INL",2018,"AX-115266011","AX-635452059",0.0147023308266697,"3",27384489,"14",24847084
"INL",2018,"AX-115441259","AX-115377215",0.0377259994996954,"7",30572853,"10",11512100
"LSA",2018,"AX-115363924","AX-115387643",0.0354905036917517,"1",293028,"4",10636700
"LSA",2018,"AX-115238835","AX-635457687",0.0482292922545689,"2",7302626,"13",10855022
"LSA",2018,"AX-115320876","AX-115198717",0.0296996465199195,"3",7074881,"4",1579269
"LSA",2018,"AX-115320876","AX-635457687",0.0354905036917517,"3",7074881,"13",10855022
"LSA",2018,"AX-635435421","AX-115386257",3.91402953474618e-05,"3",24029838,"10",40721375
"LSA",2018,"AX-115229044","AX-115198717",0.0482292922545689,"3",26599662,"4",1579269
"LSA",2018,"AX-115229044","AX-115387643",0.000189641753044256,"3",26599662,"4",10636700
"LSA",2018,"AX-115229044","AX-115208033",0.0228578818086599,"3",26599662,"4",10942551
"LSA",2018,"AX-115229044","AX-115355752",0.0278330962398652,"3",26599662,"5",17272403
"LSA",2018,"AX-115198717","AX-115256901",0.0171684072390194,"4",1579269,"15",16783452
"LSA",2018,"AX-115208033","AX-105205307",0.0171684072390194,"4",10942551,"15",5706769
"LSA",2018,"AX-115345798","AX-115319281",0.0130609026847935,"5",40990261,"16",6547220
"LSA",2018,"AX-115465208","AX-115309705",0.0148636493822722,"10",12651219,"13",20801123
"TC",2018,"AX-635433779","AX-115523737",0.0455254844691497,"1",29189582,"13",15211125
"TC",2018,"AX-105209732","AX-115657589",0.0393684384398489,"2",16428881,"11",20543813
"TC",2018,"AX-105209732","AX-115186689",0.0136227341197857,"2",16428881,"12",6631768
"TC",2018,"AX-115634570","AX-115523737",0.0455254844691497,"7",5552842,"13",15211125
"TC",2018,"AX-115657589","AX-115635769",0.0205103522790907,"11",20543813,"11",24531069
"TC",2018,"AX-635444131","AX-105204111",0.00941936934741722,"12",22141159,"17",1612101
"TL",2018,"AX-115368521","AX-635445376",0.032188743857362,"1",31258410,"13",32143239
"TL",2018,"AX-115497930","AX-635445376",0.0219441353931137,"8",25005507,"13",32143239
