Genotype;AX.115442369;AX.635441221;GEBV_fixed;GEBV_random;GEBV_total;Anthocyans.ug.mg
LAR1N69;1;0.459259259;1.846297652;0.756180319;2.602477971;0.726939338
LAR1N70;1;0.459259259;1.846297652;0.795760202;2.642057855;0.761305988
LAR1N74;1;1;2.19156342;0.954596921;3.146160341;3.102507068
LAR1N75;1;0;1.553058233;0.808128548;2.361186781;0.298880487
LAR1N76;1;1;2.19156342;0.715541403;2.907104823;0.801326498
LAR1N78;1;1;2.19156342;0.716882002;2.908445422;0.502515113
LAR1N79;1;1;2.19156342;0.68888561;2.88044903;0.4608627
LAR1N81;1;0;1.553058233;0.735821682;2.288879915;1.098993142
LAR1N85;1;1;2.19156342;0.803063729;2.994627149;1.630624852
LAR1N91;1;1;2.19156342;0.754879974;2.946443394;0.7249957
LAR1N98;1;0;1.553058233;0.751808768;2.304867001;0.509977087
LAR1N99;1;1;2.19156342;0.772650007;2.964213427;NA
LAR2N1;1;1;2.19156342;0.924684973;3.116248393;3.35922457
LAR2N2;1;1;2.19156342;0.68888318;2.8804466;0.835896138
LAR2N3;1;0;1.553058233;0.767127035;2.320185268;0.1725646
LAR2N6;1;0;1.553058233;0.717748125;2.270806358;0.42961711
LAR2N8;1;0.459259259;1.846297652;0.872327215;2.718624868;2.563144568
LAR2N11;1;1;2.19156342;0.680454698;2.872018118;0.43525661
LAR2N12;1;0;1.553058233;0.785717315;2.338775548;0.322009968
LAR2N17;1;1;2.19156342;0.819699265;3.011262685;0.7417064
LAR2N18;1;0.459259259;1.846297652;0.771831988;2.61812964;0.09000642
LAR2N20;1;1;2.19156342;0.726319558;2.917882978;0.70787004
LAR2N21;1;0;1.553058233;0.719627274;2.272685507;0.111392662
LAR2N22;1;0;1.553058233;0.88939665;2.442454883;1.71316731
LAR2N23;1;0;1.553058233;0.761949325;2.315007558;0.39505656
LAR2N28;1;0;1.553058233;0.780441923;2.333500156;0.46061474
LAR2N29;1;1;2.19156342;0.843878073;3.035441493;1.41607845
LAR2N31;1;1;2.19156342;0.904650116;3.096213536;1.839876863
LAR2N32;1;0;1.553058233;0.793811277;2.34686951;0.226656965
LAR2N33;1;1;2.19156342;0.816614887;3.008178307;0.594974169
LAR2N35;1;0;1.553058233;0.8480181;2.401076333;1.74125202
LAR2N36;1;0;1.553058233;0.736417574;2.289475807;0.16922334
LAR2N38;1;1;2.19156342;0.820444077;3.012007497;1.307128616
LAR2N39;1;0;1.553058233;0.774363798;2.327422031;0.22884356
LAR2N40;1;1;2.19156342;0.823036803;3.014600223;NA
LAR2N42;1;0;1.553058233;0.799075289;2.352133522;0.486445007
LAR2N44;1;1;2.19156342;0.708965533;2.900528953;0.501429581
LAR2N54;1;1;2.19156342;0.90082917;3.09239259;2.52581926
LAR2N55;1;0;1.553058233;0.764671475;2.317729707;0.332961183
LAR2N56;1;0;1.553058233;0.727541186;2.280599419;0.303579525
LAR2N57;1;1;2.19156342;0.836630205;3.028193625;1.652483461
LAR2N58;1;0;1.553058233;0.774406139;2.327464371;0.600875513
LAR2N59;1;1;2.19156342;0.683931177;2.875494597;1.057612656
LAR2N60;1;0;1.553058233;0.73739464;2.290452873;0.453357853
LAR2N62;1;1;2.19156342;0.831091348;3.022654769;1.171551813
LAR2N63;1;1;2.19156342;0.750724276;2.942287696;0.599746478
LAR2N65;1;0;1.553058233;0.763468786;2.316527019;0.787714416
LAR2N67;1;1;2.19156342;0.683894176;2.875457596;0.376619515
LAR2N68;1;0;1.553058233;0.700259719;2.253317951;0.278931355
LAR2N69;1;1;2.19156342;0.770587723;2.962151143;0.449020643
LAR2N70;1;1;2.19156342;0.898711768;3.090275188;2.640112954
LAR2N72;1;0;1.553058233;0.736116883;2.289175116;0.281418785
LAR2N73;1;1;2.19156342;0.779952751;2.971516171;0.551644135
LAR2N76;1;1;2.19156342;0.73967101;2.93123443;1.093505848
LAR2N77;1;0.459259259;1.846297652;0.76040208;2.606699733;0.488101605
LAR2N79;1;0;1.553058233;0.765306016;2.318364249;0.208378795
LAR2N84;1;1;2.19156342;0.821666641;3.013230061;1.247190278
LAR2N86;1;0;1.553058233;0.824666694;2.377724926;0.608176635
LAR2N88;1;0;1.553058233;0.803785827;2.356844059;0.415475089
LAR2N90;1;1;2.19156342;0.880637227;3.072200647;0.464632763
LAR2N91;1;0;1.553058233;0.760621834;2.313680067;0.407599325
LAR2N92;1;0;1.553058233;0.832610008;2.385668241;2.005609963
LAR2N94;1;0.459259259;1.846297652;0.753546589;2.599844241;1.256735926
LAR2N97;1;0;1.553058233;0.744537461;2.297595694;0.248629935
LAR2N98;1;0;1.553058233;0.792020427;2.34507866;0.485614175
LAR3N2;1;0;1.553058233;0.775952165;2.329010398;0.402533773
LAR3N3;1;1;2.19156342;0.799600307;2.991163727;0.987578176
LAR3N5;1;0;1.553058233;0.748833343;2.301891576;0.432651746
LAR3N9;1;0;1.553058233;0.724797973;2.277856206;0.47736043
LAR3N12;1;1;2.19156342;0.830748896;3.022312316;0.729809213
LAR3N14;1;0;1.553058233;0.756155243;2.309213476;0.4997473
LAR3N15;1;0;1.553058233;0.735731709;2.288789942;0.252296851
LAR3N17;1;1;2.19156342;0.714786649;2.906350069;0.881959972
LAR3N21;1;0;1.553058233;0.83656159;2.389619823;0.54400632
LAR3N23;1;0;1.553058233;0.811071355;2.364129588;0.441357723
LAR3N26;1;0;1.553058233;0.789250347;2.34230858;1.576421868
LAR3N28;1;0.459259259;1.846297652;0.824392907;2.670690559;1.43208129
LAR3N30;1;0;1.553058233;0.740048897;2.29310713;0.217002351
LAR3N31;1;0;1.553058233;0.775151142;2.328209375;0.345239034
LAR3N32;1;0;1.553058233;0.869525011;2.422583244;0.613359586
LAR3N34;1;1;2.19156342;0.780594734;2.972158154;0.58346267
LAR3N36;1;0;1.553058233;0.780109133;2.333167366;0.300885613
LAR3N38;1;0;1.553058233;0.790811795;2.343870028;0.377827623
LAR3N39;1;0;1.553058233;0.794970159;2.348028392;0.296346515
LAR3N40;1;0;1.553058233;0.744565009;2.297623242;0.259399992
LAR3N41;1;1;2.19156342;0.721351601;2.912915021;0.784795614
LAR3N43;1;0;1.553058233;0.761446669;2.314504902;0.541947048
LAR3N44;1;1;2.19156342;0.877790179;3.069353599;2.88426588
LAR3N45;1;1;2.19156342;0.771196257;2.962759678;0.746619234
LAR3N49;1;1;2.19156342;0.896495445;3.088058865;2.470683408
LAR3N53;1;1;2.19156342;0.758814259;2.950377679;0.576592949
LAR3N54;1;0;1.553058233;0.801190736;2.354248969;0.735611917
LAR3N55;1;0.459259259;1.846297652;0.755472891;2.601770543;0.580127799
LAR3N57;1;0;1.553058233;0.77147529;2.324533523;0.169936695
LAR3N60;1;1;2.19156342;0.80162649;2.99318991;1.187841263
LAR3N63;1;0;1.553058233;0.79398728;2.347045513;0.348533188
LAR3N65;1;1;2.19156342;0.736910172;2.928473592;1.333993476
LAR3N66;1;1;2.19156342;0.818910635;3.010474055;0.88495034
LAR3N67;1;0.459259259;1.846297652;0.780755138;2.62705279;0.415992931
LAR3N71;1;0;1.553058233;0.799697722;2.352755955;0.32375742
LAR3N74;1;0.459259259;1.846297652;0.810508031;2.656805683;0.727168928
LAR3N76;1;1;2.19156342;0.687063612;2.878627032;0.410191774
LAR3N77;1;0;1.553058233;0.787261149;2.340319382;0.459619175
LAR3N79;1;1;2.19156342;0.757378804;2.948942224;0.612882399
LAR3N81;1;0.459259259;1.846297652;0.720589166;2.566886818;0.377208517
LAR3N82;1;0;1.553058233;0.780740705;2.333798938;0.203077133
LAR3N83;1;0;1.553058233;0.765481915;2.318540147;1.10808412
LAR3N86;1;0;1.553058233;0.734479925;2.287538158;0.220901633
LAR3N90;1;1;2.19156342;0.780267142;2.971830562;1.470885328
LAR3N95;1;1;2.19156342;0.782726675;2.974290095;1.303760151
LAR3N96;1;0;1.553058233;0.822230526;2.375288759;0.4745952
LAR3N97;1;0.459259259;1.846297652;0.879873403;2.726171055;1.631523938
LAR3N98;1;0;1.553058233;0.76866891;2.321727143;0.1461138
LAR4N1;1;1;2.19156342;0.780187497;2.971750917;1.24260743
LAR4N6;1;1;2.19156342;0.819002737;3.010566157;NA
LAR4N7;1;0;1.553058233;0.802013344;2.355071577;0.550513485
LAR4N8;1;1;2.19156342;0.79892046;2.99048388;1.243972629
LAR4N10;1;0.459259259;1.846297652;0.717834607;2.564132259;0.44179843
LAR4N11;1;0;1.553058233;0.775706809;2.328765042;0.618304179
LAR4N12;1;0;1.553058233;0.765540883;2.318599116;0.38713456
LAR4N13;1;0;1.553058233;0.703037981;2.256096214;0.29984838
LAR4N14;1;0;1.553058233;0.801899938;2.354958171;0.533069748
LAR4N16;1;0;1.553058233;0.761972389;2.315030622;0.409630201
LAR4N17;1;0;1.553058233;0.745447274;2.298505506;0.485946338
LAR4N18;1;1;2.19156342;0.766590941;2.958154361;0.341979623
LAR4N20;1;1;2.19156342;0.76274279;2.95430621;0.835226141
LAR4N21;1;0;1.553058233;0.792855137;2.34591337;0.429122296
LAR4N25;1;1;2.19156342;0.837641755;3.029205175;0.832869574
LAR4N28;1;0;1.553058233;0.810279577;2.36333781;0.59110382
LAR4N30;1;0;1.553058233;0.767112309;2.320170542;0.469558945
LAR4N31;1;1;2.19156342;0.733609792;2.925173212;0.560915465
LAR4N32;1;1;2.19156342;0.77587742;2.96744084;1.372876826
LAR4N34;1;1;2.19156342;0.971656018;3.163219438;3.410616848
LAR4N38;1;1;2.19156342;0.793238922;2.984802342;0.693763583
LAR4N39;1;1;2.19156342;0.780930553;2.972493973;0.59675707
LAR4N40;1;0.459259259;1.846297652;0.780605609;2.626903261;0.554172863
LAR4N41;1;0;1.553058233;0.790959744;2.344017977;0.413601948
LAR4N43;1;0.459259259;1.846297652;0.783172703;2.629470355;0.846057694
BIR1N24;0;0;0;0.832915357;0.832915357;0.6503712
BIR1N64;0;0;0;0.808935175;0.808935175;0.13655598
BIR1N77;1;0;1.553058233;0.798064944;2.351123177;0.398533729
BIR1N80;0;0;0;0.745645876;0.745645876;0.32252792
BIR1N86;1;0;1.553058233;0.826793043;2.379851276;0.452069713
BIR1N91;1;0;1.553058233;0.827264875;2.380323108;0.301473854
BIR1N94;1;0;1.553058233;0.786052292;2.339110524;0.43999379
BIR2N15;1;1;2.19156342;0.766999478;2.958562898;0.428677159
BIR2N60;1;1;2.19156342;0.849942254;3.041505674;6.449981881
BIR2N76;1;1;2.19156342;0.783711694;2.975275114;1.494917888
BIR2N80;2;1;3.744621653;0.870274687;4.61489634;6.504531334
BIR2N94;1;1;2.19156342;0.851904939;3.043468359;3.504493881
