"Genotype","GEBV","std.error","status","Observed","pop"
"BIR1N91",1.09008509282508,0.651492324895718,"Estimable",0.301473854,"bibon"
"LAR1N70",1.07344743593898,0.416788370842493,"Estimable",0.761305988,"pxw"
"LAR1N74",1.16626402160983,0.389444403025611,"Estimable",3.102507068,"pxw"
"LAR1N91",0.83713288058199,0.374131802045357,"Estimable",0.7249957,"pxw"
"LAR2N12",0.881751139594797,0.407137869367174,"Estimable",0.322009968,"pxw"
"LAR2N22",0.947327662603743,0.434915063006719,"Estimable",1.71316731,"pxw"
"LAR2N33",1.28495654239965,0.41909489078254,"Estimable",0.594974169,"pxw"
"LAR2N77",0.57627473529926,0.406942861978604,"Estimable",0.488101605,"pxw"
"LAR2N8",0.929671372906398,0.416721967472599,"Estimable",2.563144568,"pxw"
"LAR2N91",0.685674638108954,0.417262282396904,"Estimable",0.407599325,"pxw"
"LAR3N2",0.920598135806486,0.410107790803231,"Estimable",0.402533773,"pxw"
"LAR3N34",1.19027171591419,0.415365306151707,"Estimable",0.58346267,"pxw"
"LAR3N54",0.571252336657053,0.407273083451237,"Estimable",0.735611917,"pxw"
"LAR3N67",0.903694999154302,0.413266975823757,"Estimable",0.415992931,"pxw"
"LAR3N77",1.08586861308382,0.421493872350722,"Estimable",0.459619175,"pxw"
"LAR3N79",1.09097697771294,0.437410147168491,"Estimable",0.612882399,"pxw"
"LAR3N82",0.813399099910854,0.406232484422039,"Estimable",0.203077133,"pxw"
"LAR3N83",0.502529883598849,0.43243824517239,"Estimable",1.10808412,"pxw"
"LAR3N95",1.10384767775328,0.413876071904559,"Estimable",1.303760151,"pxw"
"LAR4N18",0.909308098410145,0.404985222071526,"Estimable",0.341979623,"pxw"
"LAR4N30",0.742253672852141,0.401624819176249,"Estimable",0.469558945,"pxw"
"BIR1N91",1.19809827706321,0.648193231421189,"Estimable",0.301473854,"bibon"
"BIR1N94",0.817070022314142,0.663978079859105,"Estimable",0.43999379,"bibon"
"LAR1N69",1.07550370204683,0.416311082761684,"Estimable",0.726939338,"pxw"
"LAR2N17",1.35338316278882,0.419014349130574,"Estimable",0.7417064,"pxw"
"LAR2N22",1.02541415221315,0.432488892042734,"Estimable",1.71316731,"pxw"
"LAR2N3",0.986798284773829,0.417809679135227,"Estimable",0.1725646,"pxw"
"LAR2N38",0.898831699597241,0.414092421622137,"Estimable",1.307128616,"pxw"
"LAR2N56",1.02778388785611,0.42067199013671,"Estimable",0.303579525,"pxw"
"LAR2N57",1.07966911690804,0.422274586459274,"Estimable",1.652483461,"pxw"
"LAR2N69",1.03469728104464,0.427126481995904,"Estimable",0.449020643,"pxw"
"LAR2N76",0.833457856463521,0.404678668077859,"Estimable",1.093505848,"pxw"
"LAR2N90",1.4250344363011,0.416033892889677,"Estimable",0.464632763,"pxw"
"LAR3N54",0.655018108521072,0.410773437934902,"Estimable",0.735611917,"pxw"
"LAR3N66",0.925554305008732,0.419455437981856,"Estimable",0.88495034,"pxw"
"LAR3N77",1.1556795358334,0.425413724677387,"Estimable",0.459619175,"pxw"
"LAR3N79",1.04034522958672,0.437554488456239,"Estimable",0.612882399,"pxw"
"LAR3N81",0.827100601657419,0.412671314521043,"Estimable",0.377208517,"pxw"
"LAR3N90",0.720593515042097,0.418009637737219,"Estimable",1.470885328,"pxw"
"LAR3N95",0.926211582037333,0.416968759547641,"Estimable",1.303760151,"pxw"
"LAR4N38",0.930268730844433,0.407627792080992,"Estimable",0.693763583,"pxw"
"LAR4N40",0.797404916387939,0.350962407698022,"Estimable",0.554172863,"pxw"
"LAR4N41",0.983437258451768,0.41126273714696,"Estimable",0.413601948,"pxw"
"LAR1N69",0.937379994622498,0.371575414748595,"Estimable",0.726939338,"pxw"
"LAR1N70",0.927639817288265,0.375072418815797,"Estimable",0.761305988,"pxw"
"LAR1N98",0.418609586943629,0.366553659622932,"Estimable",0.509977087,"pxw"
"LAR1N99",0.846945277896293,0.380590609322156,"Estimable",4.208451934,"pxw"
"LAR2N28",0.543000524501966,0.389792376710774,"Estimable",0.46061474,"pxw"
"LAR2N3",0.803210258696539,0.372296607649536,"Estimable",0.1725646,"pxw"
"LAR2N35",1.0701253340063,0.364836525445043,"Estimable",1.74125202,"pxw"
"LAR2N38",0.819219200369573,0.372000412445019,"Estimable",1.307128616,"pxw"
"LAR2N57",0.842652856257371,0.373058423887533,"Estimable",1.652483461,"pxw"
"LAR2N59",0.666119126066425,0.357425651637925,"Estimable",1.057612656,"pxw"
"LAR2N60",0.751386680722202,0.36925956529733,"Estimable",0.453357853,"pxw"
"LAR2N65",0.552679849411224,0.37234073454843,"Estimable",0.787714416,"pxw"
"LAR2N70",0.875425206808529,0.372954620984483,"Estimable",2.640112954,"pxw"
"LAR2N73",1.03390418534918,0.357899955201715,"Estimable",0.551644135,"pxw"
"LAR2N8",0.817431552928029,0.377945544142473,"Estimable",2.563144568,"pxw"
"LAR2N97",0.628117661284094,0.386347745520151,"Estimable",0.248629935,"pxw"
"LAR3N44",0.990068611165562,0.366795870610506,"Estimable",2.88426588,"pxw"
"LAR3N5",0.809797605786845,0.375015346307084,"Estimable",0.432651746,"pxw"
"LAR3N54",0.670616920673046,0.368635213619865,"Estimable",0.735611917,"pxw"
"LAR3N57",0.896200576274044,0.368587819523826,"Estimable",0.169936695,"pxw"
"LAR3N63",1.0808936568426,0.379214748393568,"Estimable",0.348533188,"pxw"
"LAR3N79",0.944594872722028,0.38949803170359,"Estimable",0.612882399,"pxw"
"LAR4N14",0.739259659711186,0.384744058281098,"Estimable",0.533069748,"pxw"
"LAR4N18",0.894784461710276,0.363641199907658,"Estimable",0.341979623,"pxw"
"LAR4N20",0.833760905289592,0.370467374502569,"Estimable",0.835226141,"pxw"
"LAR4N38",0.767695366397824,0.371899641894279,"Estimable",0.693763583,"pxw"
"BIR1N64",0.908982924708342,0.350432894845662,"Estimable",0.13655598,"bibon"
"LAR1N78",0.899976678126822,0.235208032891853,"Estimable",0.502515113,"pxw"
"LAR1N85",0.867821847609591,0.221206430124105,"Estimable",1.630624852,"pxw"
"LAR2N23",0.764229489271505,0.22310920322781,"Estimable",0.39505656,"pxw"
"LAR2N31",0.975727176299101,0.221763613074055,"Estimable",1.839876863,"pxw"
"LAR2N36",0.892191883957859,0.224085700350853,"Estimable",0.16922334,"pxw"
"LAR2N38",0.841028438690762,0.222434097343967,"Estimable",1.307128616,"pxw"
"LAR2N54",0.793896182336979,0.223607911324309,"Estimable",2.52581926,"pxw"
"LAR2N58",0.868368921427705,0.226818955519898,"Estimable",0.600875513,"pxw"
"LAR2N62",0.976988861711701,0.22298138614646,"Estimable",1.171551813,"pxw"
"LAR2N63",0.825544966879432,0.219451379676528,"Estimable",0.599746478,"pxw"
"LAR2N76",0.81448659312229,0.222001289346969,"Estimable",1.093505848,"pxw"
"LAR2N88",0.847237509303789,0.225310661628776,"Estimable",0.415475089,"pxw"
"LAR3N23",0.885319066416904,0.229886675076952,"Estimable",0.441357723,"pxw"
"LAR3N36",0.865079757471998,0.224888999923212,"Estimable",0.300885613,"pxw"
"LAR3N40",0.79582451676338,0.229776525146632,"Estimable",0.259399992,"pxw"
"LAR3N41",0.833159608695749,0.224959794550719,"Estimable",0.784795614,"pxw"
"LAR3N45",0.877966719564821,0.225529754629061,"Estimable",0.746619234,"pxw"
"LAR3N49",0.912785652661465,0.220987188798748,"Estimable",2.470683408,"pxw"
"LAR3N76",0.854005858761509,0.225634524646066,"Estimable",0.410191774,"pxw"
"LAR4N14",0.82091704364675,0.23024371430692,"Estimable",0.533069748,"pxw"
"LAR4N28",0.92877687510801,0.227266489703583,"Estimable",0.59110382,"pxw"
"LAR4N43",0.831125608506485,0.226698365478923,"Estimable",0.846057694,"pxw"
"LAR4N6",0.982708565308053,0.229037263422271,"Estimable",3.79448118,"pxw"
"BIR1N64",1.02623374898862,0.462705680728722,"Estimable",0.13655598,"bibon"
"BIR1N91",1.03960378366461,0.425728345928667,"Estimable",0.301473854,"bibon"
"BIR1N94",0.891438647569009,0.440601739934064,"Estimable",0.43999379,"bibon"
"BIR2N15",0.804274103441202,0.488274177025662,"Estimable",0.428677159,"bibon"
"BIR2N80",0.852934260198247,0.43545445406754,"Estimable",6.504531334,"bibon"
"LAR2N12",0.843230713776314,0.279112423020338,"Estimable",0.322009968,"pxw"
"LAR2N20",0.814703127012372,0.280622126284452,"Estimable",0.70787004,"pxw"
"LAR2N28",0.730099210263363,0.298114603848296,"Estimable",0.46061474,"pxw"
"LAR2N33",1.06422658443118,0.286662259209541,"Estimable",0.594974169,"pxw"
"LAR2N39",0.819607335701715,0.282665625500618,"Estimable",0.22884356,"pxw"
"LAR2N40",1.11756901443757,0.28080010362054,"Estimable",4.353308168,"pxw"
"LAR2N54",0.826535447079951,0.284682987705774,"Estimable",2.52581926,"pxw"
"LAR2N70",0.908888068309437,0.287338994581869,"Estimable",2.640112954,"pxw"
"LAR2N76",0.818417474767961,0.279446038621159,"Estimable",1.093505848,"pxw"
"LAR2N86",0.991362213985625,0.288614101078857,"Estimable",0.608176635,"pxw"
"LAR3N32",0.861181229689344,0.289874086116507,"Estimable",0.613359586,"pxw"
"LAR3N45",0.768545937050926,0.285782965468599,"Estimable",0.746619234,"pxw"
"LAR3N53",0.790483590472603,0.286854375245639,"Estimable",0.576592949,"pxw"
"LAR3N77",0.934027940925623,0.289373155067977,"Estimable",0.459619175,"pxw"
"LAR3N98",0.950810031777971,0.282316969804704,"Estimable",0.1461138,"pxw"
"LAR4N13",0.717960319781421,0.28817310758672,"Estimable",0.29984838,"pxw"
"LAR4N25",1.12366058937991,0.283226499393645,"Estimable",0.832869574,"pxw"
"LAR4N8",0.973216548882801,0.2830478529927,"Estimable",1.243972629,"pxw"
"BIR1N24",0.909257968190616,0.543800629080525,"Estimable",0.6503712,"bibon"
"BIR2N15",0.781574523625059,0.638179035702215,"Estimable",0.428677159,"bibon"
"LAR1N74",1.1129363709148,0.352611004516142,"Estimable",3.102507068,"pxw"
"LAR1N79",0.82010575530057,0.370136239271075,"Estimable",0.4608627,"pxw"
"LAR2N12",0.810071468900344,0.351544601083725,"Estimable",0.322009968,"pxw"
"LAR2N21",0.923401153248123,0.361089870656834,"Estimable",0.111392662,"pxw"
"LAR2N54",0.690164684558293,0.35890779977828,"Estimable",2.52581926,"pxw"
"LAR2N70",0.86563979931455,0.365432275330689,"Estimable",2.640112954,"pxw"
"LAR2N76",0.796300670366116,0.354170068285634,"Estimable",1.093505848,"pxw"
"LAR3N12",0.994466301532149,0.374458164598447,"Estimable",0.729809213,"pxw"
"LAR3N3",1.00074451371666,0.373438631661098,"Estimable",0.987578176,"pxw"
"LAR3N36",0.715802535892762,0.36460878553677,"Estimable",0.300885613,"pxw"
"LAR3N41",0.887301758583989,0.363378710282733,"Estimable",0.784795614,"pxw"
"LAR3N53",0.762276277451363,0.361188915904673,"Estimable",0.576592949,"pxw"
"LAR3N74",1.15462445241783,0.360080129824576,"Estimable",0.727168928,"pxw"
"LAR3N82",0.867253812602995,0.357850112092761,"Estimable",0.203077133,"pxw"
"LAR3N9",1.02396029611422,0.3647165448775,"Estimable",0.47736043,"pxw"
"LAR4N18",1.02653971756432,0.354868840603035,"Estimable",0.341979623,"pxw"
"LAR4N21",0.862639811658535,0.35622687729092,"Estimable",0.429122296,"pxw"
"LAR4N32",0.864346436745872,0.344107861329752,"Estimable",1.372876826,"pxw"
"LAR4N38",0.846404597894925,0.362548339624786,"Estimable",0.693763583,"pxw"
"LAR4N40",0.650723714390788,0.3167318116397,"Estimable",0.554172863,"pxw"
"LAR4N43",0.804614054740594,0.361364339030361,"Estimable",0.846057694,"pxw"
"BIR2N15",0.695920681158527,0.663464230631521,"Estimable",0.428677159,"bibon"
"LAR2N20",0.769077299875016,0.366858938796177,"Estimable",0.70787004,"pxw"
"LAR2N21",0.772522679816626,0.369130448861144,"Estimable",0.111392662,"pxw"
"LAR2N22",0.946449380552829,0.390170855258717,"Estimable",1.71316731,"pxw"
"LAR2N31",1.32940326631197,0.370037319882891,"Estimable",1.839876863,"pxw"
"LAR2N6",0.662830260525944,0.386797084600734,"Estimable",0.42961711,"pxw"
"LAR2N60",0.774595693011548,0.368855710862228,"Estimable",0.453357853,"pxw"
"LAR2N86",1.06999362675409,0.380903348996988,"Estimable",0.608176635,"pxw"
"LAR2N90",1.2792841287186,0.375388710647324,"Estimable",0.464632763,"pxw"
"LAR2N91",0.580749776892998,0.375480963389671,"Estimable",0.407599325,"pxw"
"LAR2N92",0.633783723555371,0.372321406701749,"Estimable",2.005609963,"pxw"
"LAR2N98",1.10436248624945,0.37567467613658,"Estimable",0.485614175,"pxw"
"LAR3N12",1.02042385299784,0.384080861614161,"Estimable",0.729809213,"pxw"
"LAR3N26",0.627457830111278,0.373545844164331,"Estimable",1.576421868,"pxw"
"LAR3N28",0.971157303769318,0.364213934571494,"Estimable",1.43208129,"pxw"
"LAR3N40",0.641057785498769,0.382049815024555,"Estimable",0.259399992,"pxw"
"LAR3N67",0.99523597224863,0.372783573089185,"Estimable",0.415992931,"pxw"
"LAR3N74",1.21657911089232,0.368619427952495,"Estimable",0.727168928,"pxw"
"LAR3N81",0.875037536602174,0.366145091686105,"Estimable",0.377208517,"pxw"
"LAR3N98",1.06389099356325,0.373261924132953,"Estimable",0.1461138,"pxw"
"LAR4N13",0.722361394628202,0.376280005890079,"Estimable",0.29984838,"pxw"
"LAR4N17",0.686467346655507,0.385310312516873,"Estimable",0.485946338,"pxw"
"LAR4N32",0.800471683925411,0.350874111222699,"Estimable",1.372876826,"pxw"
"LAR4N6",1.1562542225912,0.385575846339171,"Estimable",3.79448118,"pxw"
"BIR1N64",1.00805233237386,0.437027022973973,"Estimable",0.13655598,"bibon"
"BIR1N80",0.886814382302602,0.401674993117177,"Estimable",0.32252792,"bibon"
"LAR1N75",0.956801528628906,0.27899271727726,"Estimable",0.298880487,"pxw"
"LAR1N76",0.910979598507027,0.27639962476786,"Estimable",0.801326498,"pxw"
"LAR2N11",0.691189215979271,0.273807404429793,"Estimable",0.43525661,"pxw"
"LAR2N12",0.867682671171747,0.270870393447042,"Estimable",0.322009968,"pxw"
"LAR2N32",0.885670975103158,0.280188898896157,"Estimable",0.226656965,"pxw"
"LAR2N55",0.873750233050569,0.277872484877916,"Estimable",0.332961183,"pxw"
"LAR2N56",0.965975273286447,0.276422022159092,"Estimable",0.303579525,"pxw"
"LAR2N70",0.93721246779051,0.279852659369484,"Estimable",2.640112954,"pxw"
"LAR2N76",0.871031212042256,0.272623512847968,"Estimable",1.093505848,"pxw"
"LAR2N77",0.778675498665571,0.272261514534168,"Estimable",0.488101605,"pxw"
"LAR2N91",0.833702298538424,0.275687083256101,"Estimable",0.407599325,"pxw"
"LAR2N97",0.831861284178644,0.281526783063619,"Estimable",0.248629935,"pxw"
"LAR3N23",0.923720777633481,0.278286994945937,"Estimable",0.441357723,"pxw"
"LAR3N32",0.87920659404399,0.279345362879234,"Estimable",0.613359586,"pxw"
"LAR3N57",0.97119944151279,0.276032411529511,"Estimable",0.169936695,"pxw"
"LAR3N71",0.940275224544315,0.279739673180734,"Estimable",0.32375742,"pxw"
"LAR3N77",1.00835312839619,0.278905269364705,"Estimable",0.459619175,"pxw"
"LAR3N90",0.855373698824809,0.276238931434958,"Estimable",1.470885328,"pxw"
"LAR3N98",0.970401545838888,0.272447237540164,"Estimable",0.1461138,"pxw"
"LAR4N13",0.799559545848892,0.276578641034303,"Estimable",0.29984838,"pxw"
"LAR4N38",0.90033716806628,0.273777567548112,"Estimable",0.693763583,"pxw"
"LAR4N41",0.929415056111075,0.274629040096529,"Estimable",0.413601948,"pxw"
"BIR2N76",0.762687275517067,0.429261723220087,"Estimable",1.494917888,"bibon"
"LAR1N76",0.886446312404991,0.253537393119201,"Estimable",0.801326498,"pxw"
"LAR1N79",0.808563775917333,0.257864819876764,"Estimable",0.4608627,"pxw"
"LAR1N81",0.884956444251899,0.256297325525022,"Estimable",1.098993142,"pxw"
"LAR2N2",0.719174351540739,0.248027328065686,"Estimable",0.835896138,"pxw"
"LAR2N3",0.852264161294705,0.250638743015843,"Estimable",0.1725646,"pxw"
"LAR2N32",0.855997227842945,0.254500796839298,"Estimable",0.226656965,"pxw"
"LAR2N40",1.02336712052632,0.247685379593176,"Estimable",4.353308168,"pxw"
"LAR2N55",0.86945106558446,0.252931705451232,"Estimable",0.332961183,"pxw"
"LAR2N63",0.808521358858505,0.246281312145055,"Estimable",0.599746478,"pxw"
"LAR2N70",0.92851608874422,0.253026206836245,"Estimable",2.640112954,"pxw"
"LAR2N94",0.734132570165707,0.24568022209339,"Estimable",1.256735926,"pxw"
"LAR3N3",0.917097753102938,0.255390040573786,"Estimable",0.987578176,"pxw"
"LAR3N30",0.859375311130207,0.248348439618867,"Estimable",0.217002351,"pxw"
"LAR3N31",0.876012865747329,0.24673478611577,"Estimable",0.345239034,"pxw"
"LAR3N38",0.905053958594115,0.245594627548336,"Estimable",0.377827623,"pxw"
"LAR3N67",0.855620066399159,0.251736266361994,"Estimable",0.415992931,"pxw"
"LAR3N74",1.05017698574885,0.251286133996644,"Estimable",0.727168928,"pxw"
"LAR3N76",0.827319924161647,0.251430524236307,"Estimable",0.410191774,"pxw"
"LAR3N82",0.84704318770871,0.249860258563443,"Estimable",0.203077133,"pxw"
"LAR3N86",0.909338560393429,0.251505540288625,"Estimable",0.220901633,"pxw"
"LAR3N95",0.915412497765164,0.253036793464868,"Estimable",1.303760151,"pxw"
"LAR4N25",1.07085088352496,0.252518305886168,"Estimable",0.832869574,"pxw"
"LAR4N7",0.920665688091556,0.25103629065552,"Estimable",0.550513485,"pxw"
"BIR1N91",1.07046964638542,0.462098012109934,"Estimable",0.301473854,"bibon"
"BIR2N60",0.943132903861232,0.441508469291657,"Estimable",6.449981881,"bibon"
"BIR2N76",0.727905245747924,0.537081491365127,"Estimable",1.494917888,"bibon"
"BIR2N94",0.903548289692644,0.527062098076678,"Estimable",3.504493881,"bibon"
"LAR1N78",0.822490708036829,0.326334525754572,"Estimable",0.502515113,"pxw"
"LAR1N98",0.71759384114341,0.310015439741917,"Estimable",0.509977087,"pxw"
"LAR2N12",0.879577586856065,0.3030553686333,"Estimable",0.322009968,"pxw"
"LAR2N20",0.801959601360369,0.305073417410675,"Estimable",0.70787004,"pxw"
"LAR2N32",0.856167167268094,0.313882592192237,"Estimable",0.226656965,"pxw"
"LAR2N36",0.955864199749788,0.305771200114557,"Estimable",0.16922334,"pxw"
"LAR2N6",0.740393098950179,0.319400760320382,"Estimable",0.42961711,"pxw"
"LAR2N79",1.02832521953784,0.31171440549314,"Estimable",0.208378795,"pxw"
"LAR2N84",0.899487202880667,0.305931753816577,"Estimable",1.247190278,"pxw"
"LAR2N92",0.785615393111705,0.307572697433586,"Estimable",2.005609963,"pxw"
"LAR3N2",0.913565908438769,0.310575210957994,"Estimable",0.402533773,"pxw"
"LAR3N28",0.891762523908795,0.301925028103643,"Estimable",1.43208129,"pxw"
"LAR3N5",0.961790338113892,0.309799923370003,"Estimable",0.432651746,"pxw"
"LAR3N53",0.813216663766683,0.309597847653721,"Estimable",0.576592949,"pxw"
"LAR3N76",0.833854926160542,0.310761892523737,"Estimable",0.410191774,"pxw"
"LAR3N82",0.778698161172058,0.3072499382116,"Estimable",0.203077133,"pxw"
"LAR3N90",0.832549498147021,0.311744425244843,"Estimable",1.470885328,"pxw"
"LAR4N18",0.937273751053657,0.306758027610427,"Estimable",0.341979623,"pxw"
"LAR4N20",0.955020065294594,0.30761363731491,"Estimable",0.835226141,"pxw"
"LAR4N41",0.911453505838571,0.308503284788744,"Estimable",0.413601948,"pxw"
