"Trait","Year","Genotype","dGEBV","weight","rel","GEBV","SE","AVSED","h2_Cullis","pop","pop_BLUE","co_loc"
"tr_brz_prop",2017,"FBR1N1",0.27160912465249,1.19326632703545,0.544059019338677,0.20033985867402,0.0933037362273443,0.146218760185627,0.440130566021066,"gxr",0.522660573388861,1
"tr_brz_prop",2017,"FBR1N100",0.558693555580531,0.960313479285107,0.489877506548247,0.391036602778036,0.0986920016364549,0.146218760185627,0.440130566021066,"gxr",0.522660573388861,1
"tr_brz_prop",2017,"FBR1N101",0.397205037854478,1.03834834732707,0.509406720734794,0.283496096457974,0.0967844346554158,0.146218760185627,0.440130566021066,"gxr",0.522660573388861,1
"tr_brz_prop",2017,"FBR1N102",0.348308698482026,0.910854813310879,0.476674003156037,0.24047783533501,0.0999610651209973,0.146218760185627,0.440130566021066,"gxr",0.522660573388861,1
"tr_brz_prop",2017,"FBR1N103",0.315847329574571,1.04594729611579,0.511228856237651,0.225831692380131,0.0966045316499418,0.146218760185627,0.440130566021066,"gxr",0.522660573388861,0
"tr_brz_prop",2017,"FBR1N11",0.434633566597164,1.0255508170801,0.506307128131431,0.309264652167245,0.0970896976704782,0.146218760185627,0.440130566021066,"gxr",0.522660573388861,1
"tr_brz_prop",2017,"FBR1N12",0.560861373314013,1.07021278215852,0.516957866061795,0.403258105084855,0.096036699782617,0.146218760185627,0.440130566021066,"gxr",0.522660573388861,0
"tr_brz_prop",2017,"FBR1N13",0.646830883062437,0.970551851748874,0.492527943828276,0.453948081426388,0.0984352813218786,0.146218760185627,0.440130566021066,"gxr",0.522660573388861,0
"tr_brz_prop",2017,"FBR1N14",0.450387371692696,1.05236435009119,0.512757079435936,0.322509147697396,0.0964533884524567,0.146218760185627,0.440130566021066,"gxr",0.522660573388861,1
"tr_brz_prop",2017,"FBR1N16",0.455493941060723,1.17053865647362,0.539284869671634,0.334496611213325,0.0937909549915177,0.146218760185627,0.440130566021066,"gxr",0.522660573388861,0
"tr_brz_prop",2017,"FBR1N17",0.55789080969838,1.16309847113815,0.53770019564859,0.409090415349867,0.0939521180338939,0.146218760185627,0.440130566021066,"gxr",0.522660573388861,0
"tr_brz_prop",2017,"FBR1N19",0.490794908628923,0.978132774725844,0.494472760991186,0.345120880000743,0.0982464803917582,0.146218760185627,0.440130566021066,"gxr",0.522660573388861,1
"tr_brz_prop",2017,"FBR1N2",0.515942183787397,1.01874371269276,0.504642420079109,0.366515980177646,0.0972532507529826,0.146218760185627,0.440130566021066,"gxr",0.522660573388861,1
"tr_brz_prop",2017,"FBR1N20",0.548898200874897,1.11106704994758,0.526305902967493,0.39820886836044,0.0951028882927837,0.146218760185627,0.440130566021066,"gxr",0.522660573388861,1
"tr_brz_prop",2017,"FBR1N21",0.326747995556577,0.96599489260413,0.491351679619364,0.229038850063552,0.0985492963497206,0.146218760185627,0.440130566021066,"gxr",0.522660573388861,1
"tr_brz_prop",2017,"FBR1N22",0.400225324396113,1.05269450528199,0.512835447541364,0.286611481127061,0.0964456313635771,0.146218760185627,0.440130566021066,"gxr",0.522660573388861,0
"tr_brz_prop",2017,"FBR1N23",0.438604394639095,1.06465342193772,0.515657209401528,0.314958639511822,0.0961659088025288,0.146218760185627,0.440130566021066,"gxr",0.522660573388861,1
"tr_brz_prop",2017,"FBR1N24",0.401486752402327,1.00243749766073,0.50060863264486,0.284066739789508,0.097648423403468,0.146218760185627,0.440130566021066,"gxr",0.522660573388861,0
"tr_brz_prop",2017,"FBR1N25",0.579816596114517,0.975897624062955,0.493900904671497,0.407483992648392,0.0983020332746902,0.146218760185627,0.440130566021066,"gxr",0.522660573388861,1
"tr_brz_prop",2017,"FBR1N27",0.398914495434805,1.06636025609458,0.516057281371643,0.28656871265422,0.0961261835981369,0.146218760185627,0.440130566021066,"gxr",0.522660573388861,0
"tr_brz_prop",2017,"FBR1N28",0.555324435074827,1.13677147991325,0.532004236578168,0.405045982446229,0.0945291344136649,0.146218760185627,0.440130566021066,"gxr",0.522660573388861,0
"tr_brz_prop",2017,"FBR1N3",0.437304658076514,1.17406133822995,0.540031377029056,0.321361318369677,0.0937149383617834,0.146218760185627,0.440130566021066,"gxr",0.522660573388861,1
"tr_brz_prop",2017,"FBR1N31",0.560591410484952,0.994247542470346,0.498557737340238,0.395825864938899,0.0978487287290786,0.146218760185627,0.440130566021066,"gxr",0.522660573388861,1
"tr_brz_prop",2017,"FBR1N32",0.474660188969535,1.11254141694911,0.526636499537046,0.344459594107296,0.0950696957995259,0.146218760185627,0.440130566021066,"gxr",0.522660573388861,1
"tr_brz_prop",2017,"FBR1N33",0.60420322510412,1.00134995661558,0.500337261509692,0.427380263721063,0.0976749510592377,0.146218760185627,0.440130566021066,"gxr",0.522660573388861,1
"tr_brz_prop",2017,"FBR1N34",0.658081826742329,1.09867793103767,0.5235095460762,0.476148258645141,0.0953831855245393,0.146218760185627,0.440130566021066,"gxr",0.522660573388861,1
"tr_brz_prop",2017,"FBR1N35",0.575111063748505,1.0757219237227,0.518239900744242,0.414016020091055,0.0959091703455891,0.146218760185627,0.440130566021066,"gxr",0.522660573388861,0
"tr_brz_prop",2017,"FBR1N38",0.315199821684015,1.17863053916642,0.54099606058831,0.231837142066984,0.0936166134904085,0.146218760185627,0.440130566021066,"gxr",0.522660573388861,1
"tr_brz_prop",2017,"FBR1N39",0.41855443632215,1.10533764371754,0.525016805269187,0.303276355103739,0.0952322055257033,0.146218760185627,0.440130566021066,"gxr",0.522660573388861,0
"tr_brz_prop",2017,"FBR1N4",0.509036705253513,1.05169127932477,0.512597236203534,0.364449391445739,0.0964692082381288,0.146218760185627,0.440130566021066,"gxr",0.522660573388861,1
"tr_brz_prop",2017,"FBR1N40",0.471102058558029,1.06339036969531,0.515360731208769,0.3381977109454,0.0961953370645454,0.146218760185627,0.440130566021066,"gxr",0.522660573388861,1
"tr_brz_prop",2017,"FBR1N41",0.374948240406617,1.21053373481856,0.547620565907319,0.277466908088979,0.0929386044367998,0.146218760185627,0.440130566021066,"gxr",0.522660573388861,1
"tr_brz_prop",2017,"FBR1N43",0.564448657730021,1.12397970220292,0.529185707865836,0.410609031667112,0.0948133604173887,0.146218760185627,0.440130566021066,"gxr",0.522660573388861,0
"tr_brz_prop",2017,"FBR1N45",0.609476061334216,1.06097296136492,0.514792275907527,0.437293138862604,0.0962517364601987,0.146218760185627,0.440130566021066,"gxr",0.522660573388861,0
"tr_brz_prop",2017,"FBR1N47",0.590560394940892,1.07036417735143,0.516993188474079,0.42462614297646,0.0960331883809374,0.146218760185627,0.440130566021066,"gxr",0.522660573388861,0
"tr_brz_prop",2017,"FBR1N48",0.430814610844526,1.23117448279178,0.551805559039587,0.320024670738126,0.0925077148761683,0.146218760185627,0.440130566021066,"gxr",0.522660573388861,1
"tr_brz_prop",2017,"FBR1N50",0.391995645626693,1.02822389940458,0.506957786912202,0.279104694891827,0.0970256972605151,0.146218760185627,0.440130566021066,"gxr",0.522660573388861,1
"tr_brz_prop",2017,"FBR1N56",0.443163396254297,1.12178418631797,0.528698532844028,0.322231456702115,0.0948624017898824,0.146218760185627,0.440130566021066,"gxr",0.522660573388861,0
"tr_brz_prop",2017,"FBR1N58",0.505255595022047,0.991883605336544,0.497962633298022,0.356541025165514,0.097906774203005,0.146218760185627,0.440130566021066,"gxr",0.522660573388861,1
"tr_brz_prop",2017,"FBR1N60",0.408960641687065,1.10458718966888,0.524847435682942,0.296277078401014,0.0952491829701927,0.146218760185627,0.440130566021066,"gxr",0.522660573388861,1
"tr_brz_prop",2017,"FBR1N62",0.314597727155496,1.16537807294505,0.53818688177629,0.230792735405141,0.0939026509643401,0.146218760185627,0.440130566021066,"gxr",0.522660573388861,1
"tr_brz_prop",2017,"FBR1N63",0.426826849311239,1.22630255772885,0.550824753568022,0.316780511036081,0.0926088791037034,0.146218760185627,0.440130566021066,"gxr",0.522660573388861,0
"tr_brz_prop",2017,"FBR1N64",0.145364424102508,1.00701877306953,0.501748556905323,0.102967744129896,0.0975369122645585,0.146218760185627,0.440130566021066,"gxr",0.522660573388861,1
"tr_brz_prop",2017,"FBR1N67",0.413801012926735,1.19731444923755,0.544899001439238,0.305456629589855,0.0932177496612001,0.146218760185627,0.440130566021066,"gxr",0.522660573388861,1
"tr_brz_prop",2017,"FBR1N68",0.512057145200852,1.0620544034358,0.515046742542876,0.367486807637258,0.0962264935936262,0.146218760185627,0.440130566021066,"gxr",0.522660573388861,1
"tr_brz_prop",2017,"FBR1N69",0.675309418456277,1.00882568272405,0.502196726873803,0.478563691503701,0.0974930358746822,0.146218760185627,0.440130566021066,"gxr",0.522660573388861,1
"tr_brz_prop",2017,"FBR1N7",0.436144471393014,1.05993935323808,0.514548815027943,0.312855405346503,0.0962758813701566,0.146218760185627,0.440130566021066,"gxr",0.522660573388861,1
"tr_brz_prop",2017,"FBR1N71",0.326436310983079,0.883015020717321,0.468936790733057,0.223540189504298,0.100697300512562,0.146218760185627,0.440130566021066,"gxr",0.522660573388861,1
"tr_brz_prop",2017,"FBR1N73",0.577010701410671,1.10310846084383,0.524513348399174,0.417890155506255,0.0952826626897789,0.146218760185627,0.440130566021066,"gxr",0.522660573388861,0
"tr_brz_prop",2017,"FBR1N75",0.514028518103655,1.00968587617081,0.502409798537587,0.364347894868958,0.0974721689702305,0.146218760185627,0.440130566021066,"gxr",0.522660573388861,0
"tr_brz_prop",2017,"FBR1N77",0.429807204582707,1.03486041009785,0.508565798893344,0.306511847805508,0.0968673478358716,0.146218760185627,0.440130566021066,"gxr",0.522660573388861,1
"tr_brz_prop",2017,"FBR1N78",0.716928910941478,0.985475759499125,0.496342377782406,0.505087676715068,0.0980646371583242,0.146218760185627,0.440130566021066,"gxr",0.522660573388861,1
"tr_brz_prop",2017,"FBR1N8",0.414856362323428,1.08388859696695,0.5201278986528,0.299193965192233,0.0957210538230396,0.146218760185627,0.440130566021066,"gxr",0.522660573388861,0
"tr_brz_prop",2017,"FBR1N80",0.581260105156712,0.93700594573817,0.483739323464538,0.4042743733268,0.0992839948676543,0.146218760185627,0.440130566021066,"gxr",0.522660573388861,1
"tr_brz_prop",2017,"FBR1N82",0.597736948804607,1.02326735030772,0.505749944589424,0.425087196443638,0.0971444701108696,0.146218760185627,0.440130566021066,"gxr",0.522660573388861,1
"tr_brz_prop",2017,"FBR1N83",0.437287656652357,1.01441998257205,0.503579189716347,0.310313811742724,0.0973575664909087,0.146218760185627,0.440130566021066,"gxr",0.522660573388861,1
"tr_brz_prop",2017,"FBR1N84",0.446626059015482,1.05138061228079,0.512523422511941,0.319742906027622,0.0964765127502672,0.146218760185627,0.440130566021066,"gxr",0.522660573388861,0
"tr_brz_prop",2017,"FBR1N86",0.519784276127645,1.04899118462288,0.511954952512862,0.371910989946784,0.0965327493223422,0.146218760185627,0.440130566021066,"gxr",0.522660573388861,1
"tr_brz_prop",2017,"FBR1N88",0.685916763236245,1.01712171532582,0.504244095731986,0.48707050092306,0.0972923442833875,0.146218760185627,0.440130566021066,"gxr",0.522660573388861,1
"tr_brz_prop",2017,"FBR1N89",0.437728271727832,1.13706343467783,0.532068171785106,0.319292147314222,0.094522677147731,0.146218760185627,0.440130566021066,"gxr",0.522660573388861,1
"tr_brz_prop",2017,"FBR1N9",0.533322585116765,1.09011138495964,0.521556598755472,0.385159574093767,0.0955784547631866,0.146218760185627,0.440130566021066,"gxr",0.522660573388861,0
"tr_brz_prop",2017,"FBR1N90",0.350300481818274,1.12476679407842,0.529360114819691,0.254868605410424,0.0947957976104273,0.146218760185627,0.440130566021066,"gxr",0.522660573388861,1
"tr_brz_prop",2017,"FBR1N91",0.368202140997542,1.17386473189604,0.539989777042014,0.270569649125295,0.0937191760987549,0.146218760185627,0.440130566021066,"gxr",0.522660573388861,1
"tr_brz_prop",2017,"FBR1N92",0.626055604946226,1.02958256958203,0.507287845792871,0.445902735451999,0.0969932157067112,0.146218760185627,0.440130566021066,"gxr",0.522660573388861,1
"tr_brz_prop",2017,"FBR1N94",0.650119446890639,0.999105506431793,0.499776276548354,0.459601011434038,0.0977297668412867,0.146218760185627,0.440130566021066,"gxr",0.522660573388861,0
"tr_brz_prop",2017,"FBR1N97",0.565869616301207,1.10921902530284,0.525890868608858,0.410359215230745,0.0951445420990125,0.146218760185627,0.440130566021066,"gxr",0.522660573388861,1
"tr_brz_prop",2017,"FBR1N98",0.444932566737964,1.03544286883091,0.508706426835568,0.317342184659181,0.0968534871497067,0.146218760185627,0.440130566021066,"gxr",0.522660573388861,1
"tr_brz_prop",2017,"FBR1N99",0.566726042413759,1.11371429835529,0.526899164765023,0.411374080938354,0.0950433154719609,0.146218760185627,0.440130566021066,"gxr",0.522660573388861,0
"tr_brz_prop",2017,"FBR2N1",0.325268788215548,1.02613058477589,0.506448396014608,0.231478144114912,0.0970758057974557,0.146218760185627,0.440130566021066,"gxr",0.522660573388861,1
"tr_brz_prop",2017,"FBR2N10",0.465695273657335,1.04701243844832,0.511483183386017,0.333056190319489,0.0965793947814122,0.146218760185627,0.440130566021066,"gxr",0.522660573388861,1
"tr_brz_prop",2017,"FBR2N101",0.694863052432224,1.01177110069852,0.502925556663587,0.492777729792522,0.097421640345762,0.146218760185627,0.440130566021066,"gxr",0.522660573388861,0
"tr_brz_prop",2017,"FBR2N102",0.463290492746862,0.948686058514247,0.486833707445704,0.323253851595656,0.0989860014669948,0.146218760185627,0.440130566021066,"gxr",0.522660573388861,0
"tr_brz_prop",2017,"FBR2N11",0.410287857197961,1.01421147703561,0.503527801623027,0.291139003466955,0.0973626054519481,0.146218760185627,0.440130566021066,"gxr",0.522660573388861,0
"tr_brz_prop",2017,"FBR2N12",0.459150859704843,1.08054880732079,0.519357586574601,0.330893809156923,0.0957978508661546,0.146218760185627,0.440130566021066,"gxr",0.522660573388861,1
"tr_brz_prop",2017,"FBR2N13",0.452122809650112,1.10956806314574,0.525969312168662,0.327896378996463,0.0951366707200132,0.146218760185627,0.440130566021066,"gxr",0.522660573388861,1
"tr_brz_prop",2017,"FBR2N16",0.50296085901484,1.09830574643759,0.523425029122778,0.363882719704709,0.095391644391594,0.146218760185627,0.440130566021066,"gxr",0.522660573388861,0
"tr_brz_prop",2017,"FBR2N17",0.460403582127499,1.03823774950733,0.509380100411882,0.328594039481086,0.0967870604536717,0.146218760185627,0.440130566021066,"gxr",0.522660573388861,1
"tr_brz_prop",2017,"FBR2N18",0.535945875508397,1.03995757357883,0.509793726618718,0.382664501884228,0.0967462527876358,0.146218760185627,0.440130566021066,"gxr",0.522660573388861,0
"tr_brz_prop",2017,"FBR2N2",0.706388095473489,0.938623223561977,0.484170008980587,0.491521267327995,0.0992425728668145,0.146218760185627,0.440130566021066,"gxr",0.522660573388861,1
"tr_brz_prop",2017,"FBR2N20",0.32788337029336,1.0049110702547,0.501224760122172,0.232132339758661,0.0975881676110546,0.146218760185627,0.440130566021066,"gxr",0.522660573388861,1
"tr_brz_prop",2017,"FBR2N21",0.513598939111031,1.09727554575518,0.523190931194535,0.371496068234003,0.0954150701336766,0.146218760185627,0.440130566021066,"gxr",0.522660573388861,1
"tr_brz_prop",2017,"FBR2N23",0.765800741044851,0.651033378100431,0.394318725917865,0.480883065209795,0.107539198106468,0.146218760185627,0.440130566021066,"gxr",0.522660573388861,0
"tr_brz_prop",2017,"FBR2N24",0.484537590441522,1.08134232925241,0.519540833842943,0.349250726988674,0.0957795874258961,0.146218760185627,0.440130566021066,"gxr",0.522660573388861,1
"tr_brz_prop",2017,"FBR2N26",0.507783615875401,1.09995379477813,0.523799046204418,0.367503124229189,0.0953542052587811,0.146218760185627,0.440130566021066,"gxr",0.522660573388861,1
"tr_brz_prop",2017,"FBR2N27",0.351027570488705,0.994725423538754,0.49867786904428,0.247885586865311,0.0978370071017771,0.146218760185627,0.440130566021066,"gxr",0.522660573388861,1
"tr_brz_prop",2017,"FBR2N28",0.693905667689857,1.03543736578883,0.50870509856615,0.494918262917935,0.0968536180769619,0.146218760185627,0.440130566021066,"gxr",0.522660573388861,0
"tr_brz_prop",2017,"FBR2N3",0.428234846967933,1.11043457283954,0.526163941365629,0.310629391185149,0.0951171379394152,0.146218760185627,0.440130566021066,"gxr",0.522660573388861,0
"tr_brz_prop",2017,"FBR2N30",0.494475021237065,1.0542016415276,0.513192872703406,0.354229450872778,0.0964102445312666,0.146218760185627,0.440130566021066,"gxr",0.522660573388861,1
"tr_brz_prop",2017,"FBR2N32",0.387034293575883,1.03668390730241,0.509005792988025,0.276128230837269,0.0968239741704508,0.146218760185627,0.440130566021066,"gxr",0.522660573388861,0
"tr_brz_prop",2017,"FBR2N35",0.561829171532106,1.17322683527403,0.539854752495772,0.412802909442009,0.0937329295548048,0.146218760185627,0.440130566021066,"gxr",0.522660573388861,1
"tr_brz_prop",2017,"FBR2N37",0.522086264082884,1.02287572917744,0.505654259638267,0.371252256718127,0.097153873057756,0.146218760185627,0.440130566021066,"gxr",0.522660573388861,1
"tr_brz_prop",2017,"FBR2N38",0.264278956523304,1.04545035230583,0.511110108894745,0.188938219643155,0.0966162660116392,0.146218760185627,0.440130566021066,"gxr",0.522660573388861,1
"tr_brz_prop",2017,"FBR2N40",0.692420064783235,1.03884679991658,0.509526659854524,0.49425730919614,0.0967726031139307,0.146218760185627,0.440130566021066,"gxr",0.522660573388861,1
"tr_brz_prop",2017,"FBR2N41",0.391589987465726,1.03854270600497,0.509453494864599,0.279501312593554,0.0967798207360965,0.146218760185627,0.440130566021066,"gxr",0.522660573388861,0
"tr_brz_prop",2017,"FBR2N42",0.449051264262238,0.954965311749789,0.488481972549707,0.313848598610135,0.0988269045067983,0.146218760185627,0.440130566021066,"gxr",0.522660573388861,1
"tr_brz_prop",2017,"FBR2N43",0.569458754225314,0.991969042565596,0.497984166103289,0.401855614827701,0.0979046745285094,0.146218760185627,0.440130566021066,"gxr",0.522660573388861,1
"tr_brz_prop",2017,"FBR2N44",0.558341214803465,1.06915129102216,0.516710061589551,0.40134988819773,0.0960613304210582,0.146218760185627,0.440130566021066,"gxr",0.522660573388861,1
"tr_brz_prop",2017,"FBR2N45",0.395301077871274,1.11109038751693,0.526311139535715,0.28678027679513,0.095102362622164,0.146218760185627,0.440130566021066,"gxr",0.522660573388861,1
"tr_brz_prop",2017,"FBR2N46",0.563522505731491,1.04740907072875,0.511577820819137,0.403057604311081,0.0965700394548328,0.146218760185627,0.440130566021066,"gxr",0.522660573388861,1
"tr_brz_prop",2017,"FBR2N48",0.391072480465066,1.15175679047625,0.535263462661749,0.286115282416571,0.0941993984143668,0.146218760185627,0.440130566021066,"gxr",0.522660573388861,1
"tr_brz_prop",2017,"FBR2N5",0.547851514994501,1.00855546651683,0.502129756100702,0.388213689826007,0.0974995936503686,0.146218760185627,0.440130566021066,"gxr",0.522660573388861,1
"tr_brz_prop",2017,"FBR2N50",0.482279580881053,0.939993660198754,0.484534397964193,0.335707606563264,0.0992075135549976,0.146218760185627,0.440130566021066,"gxr",0.522660573388861,1
"tr_brz_prop",2017,"FBR2N51",0.343405569448361,1.09441173412478,0.522538962274349,0.248237091202327,0.0954802811518768,0.146218760185627,0.440130566021066,"gxr",0.522660573388861,0
"tr_brz_prop",2017,"FBR2N53",0.432335629101455,1.09512495571256,0.522701499367184,0.312570437392379,0.0954640280892493,0.146218760185627,0.440130566021066,"gxr",0.522660573388861,1
"tr_brz_prop",2017,"FBR2N55",0.707855175612594,0.975221805841264,0.493727743870217,0.497379839511511,0.0983188487592855,0.146218760185627,0.440130566021066,"gxr",0.522660573388861,0
"tr_brz_prop",2017,"FBR2N56",0.54008979677824,1.09819252409861,0.523399312258248,0.3907352085654,0.0953942181114204,0.146218760185627,0.440130566021066,"gxr",0.522660573388861,0
"tr_brz_prop",2017,"FBR2N57",0.315772874990419,0.991588119441072,0.497888147534921,0.222813096973257,0.097914036999358,0.146218760185627,0.440130566021066,"gxr",0.522660573388861,1
"tr_brz_prop",2017,"FBR2N58",0.519033907416607,1.19038474204231,0.543459201113864,0.382630163514197,0.0933650894391258,0.146218760185627,0.440130566021066,"gxr",0.522660573388861,1
"tr_brz_prop",2017,"FBR2N59",0.43635296762926,1.13313038841222,0.53120540336761,0.31803079578456,0.0946097770407605,0.146218760185627,0.440130566021066,"gxr",0.522660573388861,0
"tr_brz_prop",2017,"FBR2N61",0.490967029509497,1.16222213310752,0.53751282780423,0.359953785310977,0.0939711552715922,0.146218760185627,0.440130566021066,"gxr",0.522660573388861,1
"tr_brz_prop",2017,"FBR2N62",0.44153048225013,0.961636669828366,0.490221601491832,0.309141218113406,0.0986587104683542,0.146218760185627,0.440130566021066,"gxr",0.522660573388861,1
"tr_brz_prop",2017,"FBR2N64",0.602133477489494,1.10164808958189,0.52418294720362,0.435947526604337,0.0953157614514126,0.146218760185627,0.440130566021066,"gxr",0.522660573388861,0
"tr_brz_prop",2017,"FBR2N66",0.480501970789275,0.978007619075449,0.494440774466068,0.337872085346379,0.0982495885465336,0.146218760185627,0.440130566021066,"gxr",0.522660573388861,1
"tr_brz_prop",2017,"FBR2N67",0.347884029453707,0.988756476083678,0.49717322757926,0.245294809675143,0.0979837184848321,0.146218760185627,0.440130566021066,"gxr",0.522660573388861,1
"tr_brz_prop",2017,"FBR2N68",0.454797879758279,1.03309107522097,0.50813811924716,0.324197244507671,0.0969094889642915,0.146218760185627,0.440130566021066,"gxr",0.522660573388861,0
"tr_brz_prop",2017,"FBR2N7",0.537808661964331,0.99091680699626,0.497718841648275,0.37941966264905,0.0979305433072435,0.146218760185627,0.440130566021066,"gxr",0.522660573388861,1
"tr_brz_prop",2017,"FBR2N71",0.424694247212524,1.1560483736359,0.53618851402966,0.310981913476017,0.094105600443973,0.146218760185627,0.440130566021066,"gxr",0.522660573388861,0
"tr_brz_prop",2017,"FBR2N72",0.391973573647663,1.14789089038854,0.534427002565709,0.286550377591378,0.0942841331068798,0.146218760185627,0.440130566021066,"gxr",0.522660573388861,0
"tr_brz_prop",2017,"FBR2N73",0.378655389725071,1.08754981955243,0.520969516208049,0.273306712885503,0.0956370774128705,0.146218760185627,0.440130566021066,"gxr",0.522660573388861,0
"tr_brz_prop",2017,"FBR2N75",0.474405952439786,1.00975183419573,0.502426128945327,0.336268539831517,0.0974705694880481,0.146218760185627,0.440130566021066,"gxr",0.522660573388861,0
"tr_brz_prop",2017,"FBR2N78",0.656354527064371,1.01915103508943,0.504742348332696,0.466308526901108,0.0972434408317598,0.146218760185627,0.440130566021066,"gxr",0.522660573388861,0
"tr_brz_prop",2017,"FBR2N8",0.552618352092991,1.06652745413791,0.516096436077996,0.397000207245299,0.0961222948438693,0.146218760185627,0.440130566021066,"gxr",0.522660573388861,1
"tr_brz_prop",2017,"FBR2N80",0.481479009565309,1.01144145536328,0.502844093556084,0.341423991375234,0.0974296229975906,0.146218760185627,0.440130566021066,"gxr",0.522660573388861,0
"tr_brz_prop",2017,"FBR2N81",0.532806296579592,0.903875146919074,0.474755473530794,0.367116867357,0.100144127706378,0.146218760185627,0.440130566021066,"gxr",0.522660573388861,0
"tr_brz_prop",2017,"FBR2N83",0.459632639051036,1.02064842173212,0.505109355370793,0.326665723495857,0.0972074033861014,0.146218760185627,0.440130566021066,"gxr",0.522660573388861,0
"tr_brz_prop",2017,"FBR2N86",0.515034218938815,0.968487568380388,0.491995775811391,0.361257416333868,0.0984868805987952,0.146218760185627,0.440130566021066,"gxr",0.522660573388861,1
"tr_brz_prop",2017,"FBR2N87",0.359565024950589,0.940594462184359,0.48469398450494,0.25032905274626,0.0991921551979799,0.146218760185627,0.440130566021066,"gxr",0.522660573388861,1
"tr_brz_prop",2017,"FBR2N88",0.482870874617798,1.08570326745692,0.5205454123782,0.34838570162031,0.0956794036100677,0.146218760185627,0.440130566021066,"gxr",0.522660573388861,0
"tr_brz_prop",2017,"FBR2N89",0.537763402352992,1.06066526798105,0.514719825903722,0.385812852570311,0.0962589222262447,0.146218760185627,0.440130566021066,"gxr",0.522660573388861,0
"tr_brz_prop",2017,"FBR2N9",0.540458149574495,1.00307543225913,0.500767677594562,0.382454886903685,0.0976328727488822,0.146218760185627,0.440130566021066,"gxr",0.522660573388861,1
"tr_brz_prop",2017,"FBR2N90",0.408602789172897,1.1237155285757,0.52912714224458,0.297222270012234,0.0948192572548237,0.146218760185627,0.440130566021066,"gxr",0.522660573388861,0
"tr_brz_prop",2017,"FBR2N93",0.59260005076914,1.08921350292384,0.521350977963473,0.427884722714663,0.0955989909503391,0.146218760185627,0.440130566021066,"gxr",0.522660573388861,0
"tr_brz_prop",2017,"FBR2N94",0.498670446768121,1.00312636376388,0.500780371079037,0.352888316389618,0.0976316315339442,0.146218760185627,0.440130566021066,"gxr",0.522660573388861,0
"tr_brz_prop",2017,"FBR2N97",0.508282172612691,1.05033542143686,0.51227492363215,0.363794749045558,0.0965010998298418,0.146218760185627,0.440130566021066,"gxr",0.522660573388861,0
"tr_brz_prop",2017,"FBR3N1",0.304421642360278,1.1524940020548,0.535422631122136,0.222753166618332,0.0941832657714345,0.146218760185627,0.440130566021066,"gxr",0.522660573388861,1
"tr_brz_prop",2017,"FBR3N10",0.606199180015243,1.00318140311456,0.500794087622224,0.428987799612965,0.0976302902628767,0.146218760185627,0.440130566021066,"gxr",0.522660573388861,1
"tr_brz_prop",2017,"FBR3N102",0.486795072050467,1.05189395723472,0.512645379906635,0.348541661367541,0.0964644436984515,0.146218760185627,0.440130566021066,"gxr",0.522660573388861,1
"tr_brz_prop",2017,"FBR3N104",0.576040965317833,0.988811996118303,0.497187264582189,0.406175166661763,0.0979823508097023,0.146218760185627,0.440130566021066,"gxr",0.522660573388861,0
"tr_brz_prop",2017,"FBR3N11",0.264466545528647,1.07306319684653,0.517622037996158,0.190272980716773,0.0959706529339493,0.146218760185627,0.440130566021066,"gxr",0.522660573388861,0
"tr_brz_prop",2017,"FBR3N12",0.548109838084532,1.04905485207856,0.511970116863586,0.39218402876025,0.0965312495961941,0.146218760185627,0.440130566021066,"gxr",0.522660573388861,1
"tr_brz_prop",2017,"FBR3N13",0.600302852540724,1.06074844040155,0.514739411956005,0.430689335463919,0.0962569796872666,0.146218760185627,0.440130566021066,"gxr",0.522660573388861,0
"tr_brz_prop",2017,"FBR3N19",0.511865998532541,0.96551981753384,0.49122873700927,0.358755166756827,0.0985612055364825,0.146218760185627,0.440130566021066,"gxr",0.522660573388861,0
"tr_brz_prop",2017,"FBR3N20",0.432975057912319,1.00175851344231,0.500439242153961,0.306294048215112,0.0976649828727215,0.146218760185627,0.440130566021066,"gxr",0.522660573388861,1
"tr_brz_prop",2017,"FBR3N22",0.531528111052434,1.02595679403235,0.506406058142208,0.378247167377247,0.0970799693893769,0.146218760185627,0.440130566021066,"gxr",0.522660573388861,1
"tr_brz_prop",2017,"FBR3N23",0.46405539313845,1.05830418659758,0.514163160862526,0.332751715141889,0.0963141157227277,0.146218760185627,0.440130566021066,"gxr",0.522660573388861,1
"tr_brz_prop",2017,"FBR3N24",0.401112902286489,1.06927208416558,0.516738273496187,0.288338043156337,0.0960585266043212,0.146218760185627,0.440130566021066,"gxr",0.522660573388861,1
"tr_brz_prop",2017,"FBR3N26",0.762534625514673,0.987472233725208,0.496848316655144,0.537491351311534,0.0980153703787591,0.146218760185627,0.440130566021066,"gxr",0.522660573388861,0
"tr_brz_prop",2017,"FBR3N28",0.585949621439307,1.09538603295309,0.522760968970156,0.423654530601839,0.0954580806740659,0.146218760185627,0.440130566021066,"gxr",0.522660573388861,1
"tr_brz_prop",2017,"FBR3N29",0.598415690329734,1.03405732440784,0.508371771040858,0.426671550060688,0.0968864685122973,0.146218760185627,0.440130566021066,"gxr",0.522660573388861,0
"tr_brz_prop",2017,"FBR3N31",0.653977528081347,1.04198000113855,0.510279239051102,0.467161210389328,0.0966983309766905,0.146218760185627,0.440130566021066,"gxr",0.522660573388861,1
"tr_brz_prop",2017,"FBR3N32",0.211163762347471,0.95460530063779,0.488387758043172,0.147571256799332,0.0988360053584247,0.146218760185627,0.440130566021066,"gxr",0.522660573388861,0
"tr_brz_prop",2017,"FBR3N33",0.593095475836604,1.17172901564114,0.539537394952206,0.435647660934603,0.0937652473122715,0.146218760185627,0.440130566021066,"gxr",0.522660573388861,1
"tr_brz_prop",2017,"FBR3N34",0.578784534514787,1.08914477593459,0.521335231756428,0.4179029681439,0.0956005634064139,0.146218760185627,0.440130566021066,"gxr",0.522660573388861,1
"tr_brz_prop",2017,"FBR3N35",0.374493546791962,1.11443211067057,0.527059774133461,0.271878130033584,0.0950271813399835,0.146218760185627,0.440130566021066,"gxr",0.522660573388861,0
"tr_brz_prop",2017,"FBR3N37",0.400909065705739,1.10292658321654,0.524472224574551,0.290340167951996,0.0952867829976543,0.146218760185627,0.440130566021066,"gxr",0.522660573388861,0
"tr_brz_prop",2017,"FBR3N38",0.481881221988097,1.13658940679039,0.531964355518259,0.351464341650769,0.0945331620588443,0.146218760185627,0.440130566021066,"gxr",0.522660573388861,1
"tr_brz_prop",2017,"FBR3N39",0.384165147963482,1.00911365618878,0.50226807880199,0.272261198141176,0.097486048611082,0.146218760185627,0.440130566021066,"gxr",0.522660573388861,0
"tr_brz_prop",2017,"FBR3N41",0.428140080498263,1.02960923042483,0.50729431803447,0.304941045804248,0.0969925786556645,0.146218760185627,0.440130566021066,"gxr",0.522660573388861,1
"tr_brz_prop",2017,"FBR3N44",0.377130009636999,1.13762571456119,0.532191256313887,0.275121771799336,0.0945102447338156,0.146218760185627,0.440130566021066,"gxr",0.522660573388861,0
"tr_brz_prop",2017,"FBR3N45",0.270095772149638,1.14401690753611,0.533585767684456,0.197296737916878,0.0943692747560465,0.146218760185627,0.440130566021066,"gxr",0.522660573388861,0
"tr_brz_prop",2017,"FBR3N47",0.488123390275033,1.07392204230138,0.51782179869677,0.351252790774312,0.0959507793580775,0.146218760185627,0.440130566021066,"gxr",0.522660573388861,1
"tr_brz_prop",2017,"FBR3N48",0.445794789798768,0.961625683469311,0.490218746406598,0.312125999378761,0.0986589867439221,0.146218760185627,0.440130566021066,"gxr",0.522660573388861,0
"tr_brz_prop",2017,"FBR3N5",0.491078937542147,1.05313446600386,0.512939840737095,0.351709843944478,0.0964352972710668,0.146218760185627,0.440130566021066,"gxr",0.522660573388861,0
"tr_brz_prop",2017,"FBR3N52",0.603799973795607,1.03649921489129,0.508961264169511,0.430760086080994,0.0968283646086308,0.146218760185627,0.440130566021066,"gxr",0.522660573388861,0
"tr_brz_prop",2017,"FBR3N55",0.548983929847389,1.15988877348727,0.537013196107576,0.402301924984276,0.0940219007808261,0.146218760185627,0.440130566021066,"gxr",0.522660573388861,0
"tr_brz_prop",2017,"FBR3N57",0.280936723927166,1.01956752047588,0.504844482860188,0.199612310193005,0.0972334132986639,0.146218760185627,0.440130566021066,"gxr",0.522660573388861,0
"tr_brz_prop",2017,"FBR3N59",0.494606145281823,0.983236513107831,0.495773704552792,0.348258120764855,0.0981199832892796,0.146218760185627,0.440130566021066,"gxr",0.522660573388861,0
"tr_brz_prop",2017,"FBR3N60",0.39797962214362,0.99303301653887,0.498252165567927,0.280921793753906,0.0978785379991982,0.146218760185627,0.440130566021066,"gxr",0.522660573388861,1
"tr_brz_prop",2017,"FBR3N61",0.439899023625653,1.01780798833114,0.504412706371004,0.312425164450979,0.0972757979152399,0.146218760185627,0.440130566021066,"gxr",0.522660573388861,1
"tr_brz_prop",2017,"FBR3N63",0.532566269394197,1.08692583762843,0.520826288136623,0.38434399925078,0.0956513738834154,0.146218760185627,0.440130566021066,"gxr",0.522660573388861,0
"tr_brz_prop",2017,"FBR3N66",0.38431226348018,1.15386572625062,0.535718504727419,0.281288882111506,0.0941532699274006,0.146218760185627,0.440130566021066,"gxr",0.522660573388861,1
"tr_brz_prop",2017,"FBR3N69",0.454400942926208,1.04609731005693,0.511264691525263,0.3249092864415,0.0966009902025016,0.146218760185627,0.440130566021066,"gxr",0.522660573388861,0
"tr_brz_prop",2017,"FBR3N72",0.472083230020607,0.950411540636679,0.487287693307246,0.329542395779432,0.0989422065128509,0.146218760185627,0.440130566021066,"gxr",0.522660573388861,0
"tr_brz_prop",2017,"FBR3N73",0.554426500647731,1.03634324436861,0.508923653826318,0.395521684686622,0.0968320727461231,0.146218760185627,0.440130566021066,"gxr",0.522660573388861,0
"tr_brz_prop",2017,"FBR3N75",0.432465939960418,0.951082630065894,0.487464044530894,0.301941774373237,0.0989251890942991,0.146218760185627,0.440130566021066,"gxr",0.522660573388861,0
"tr_brz_prop",2017,"FBR3N77",0.521203298027116,1.06177181041614,0.514980273302812,0.374026567627521,0.0962330879227211,0.146218760185627,0.440130566021066,"gxr",0.522660573388861,0
"tr_brz_prop",2017,"FBR3N78",0.461210128267235,1.20627203527712,0.546746736571677,0.341029490083563,0.0930283225943743,0.146218760185627,0.440130566021066,"gxr",0.522660573388861,1
"tr_brz_prop",2017,"FBR3N8",0.353341027726504,1.15567766690675,0.536108753478469,0.258714349319563,0.0941136916535731,0.146218760185627,0.440130566021066,"gxr",0.522660573388861,0
"tr_brz_prop",2017,"FBR3N80",0.520646684542674,0.99879980265086,0.499699770495387,0.368042254312062,0.0977372401302401,0.146218760185627,0.440130566021066,"gxr",0.522660573388861,0
"tr_brz_prop",2017,"FBR3N81",0.45735596937727,0.988253809696335,0.497046103911286,0.322442803728244,0.0979961037268277,0.146218760185627,0.440130566021066,"gxr",0.522660573388861,0
"tr_brz_prop",2017,"FBR3N82",0.565084020274203,1.18391103017213,0.542105888846038,0.41605916082254,0.0935033669207474,0.146218760185627,0.440130566021066,"gxr",0.522660573388861,1
"tr_brz_prop",2017,"FBR3N84",0.295801665829791,0.908383749435521,0.475996376359949,0.204080936586766,0.100025761298771,0.146218760185627,0.440130566021066,"gxr",0.522660573388861,1
"tr_brz_prop",2017,"FBR3N9",0.57791273014895,1.08146951241608,0.519570191139026,0.416566531782742,0.0957766611910996,0.146218760185627,0.440130566021066,"gxr",0.522660573388861,1
"tr_brz_prop",2017,"FBR3N90",0.510780974250427,1.05067707972581,0.512356182313353,0.365612219765051,0.0964930605889565,0.146218760185627,0.440130566021066,"gxr",0.522660573388861,1
"tr_brz_prop",2017,"FBR3N93",0.448735007236582,0.994387435448629,0.498592910170909,0.316856777393807,0.0978452969510086,0.146218760185627,0.440130566021066,"gxr",0.522660573388861,1
"tr_brz_prop",2017,"FBR3N94",0.359112441912951,1.21360556517408,0.548248334873807,0.265900474749868,0.0928740963907219,0.146218760185627,0.440130566021066,"gxr",0.522660573388861,0
"tr_brz_prop",2017,"FBR3N95",0.566359965285079,1.09319744608928,0.52226198160699,0.409295295271094,0.0955079717439675,0.146218760185627,0.440130566021066,"gxr",0.522660573388861,1
"tr_brz_prop",2017,"LAR1N100",NA,NA,NA,NA,NA,0.146218760185627,0.440130566021066,"pxw",0.217357207311092,0
"tr_brz_prop",2017,"LAR1N103",0.514844978107291,0.310395210094514,0.236871447410225,0.250572172165849,0.120710089488643,0.146218760185627,0.440130566021066,"pxw",0.217357207311092,0
"tr_brz_prop",2017,"LAR1N106",NA,NA,NA,NA,NA,0.146218760185627,0.440130566021066,"pxw",0.217357207311092,1
"tr_brz_prop",2017,"LAR1N107",0.823769233474907,0.361418987318173,0.265472268776068,0.424438868789798,0.118426479402739,0.146218760185627,0.440130566021066,"pxw",0.217357207311092,1
"tr_brz_prop",2017,"LAR1N108",NA,NA,NA,NA,NA,0.146218760185627,0.440130566021066,"pxw",0.217357207311092,0
"tr_brz_prop",2017,"LAR1N109",0.698261793898184,0.405826375067288,0.288674606099821,0.3751652207128,0.116541036646516,0.146218760185627,0.440130566021066,"pxw",0.217357207311092,0
"tr_brz_prop",2017,"LAR1N111",0.427669521410361,0.492528424121716,0.329996009564472,0.245675950377294,0.11310541953999,0.146218760185627,0.440130566021066,"pxw",0.217357207311092,0
"tr_brz_prop",2017,"LAR1N114",0.451281977305148,0.478922891089556,0.323832225449376,0.256807688490865,0.113624492064275,0.146218760185627,0.440130566021066,"pxw",0.217357207311092,0
"tr_brz_prop",2017,"LAR1N117",NA,NA,NA,NA,NA,0.146218760185627,0.440130566021066,"pxw",0.217357207311092,1
"tr_brz_prop",2017,"LAR1N119",0.466766673750061,0.40244653683951,0.286960341280778,0.250040743013653,0.116681381683344,0.146218760185627,0.440130566021066,"pxw",0.217357207311092,0
"tr_brz_prop",2017,"LAR1N125",NA,NA,NA,NA,NA,0.146218760185627,0.440130566021066,"pxw",0.217357207311092,1
"tr_brz_prop",2017,"LAR1N69",NA,NA,NA,NA,NA,0.146218760185627,0.440130566021066,"pxw",0.217357207311092,1
"tr_brz_prop",2017,"LAR1N72",0.581137925980341,0.398969079713323,0.285187918374207,0.310345019944247,0.116826310785831,0.146218760185627,0.440130566021066,"pxw",0.217357207311092,1
"tr_brz_prop",2017,"LAR1N74",NA,NA,NA,NA,NA,0.146218760185627,0.440130566021066,"pxw",0.217357207311092,0
"tr_brz_prop",2017,"LAR1N75",NA,NA,NA,NA,NA,0.146218760185627,0.440130566021066,"pxw",0.217357207311092,1
"tr_brz_prop",2017,"LAR1N78",NA,NA,NA,NA,NA,0.146218760185627,0.440130566021066,"pxw",0.217357207311092,1
"tr_brz_prop",2017,"LAR1N79",NA,NA,NA,NA,NA,0.146218760185627,0.440130566021066,"pxw",0.217357207311092,1
"tr_brz_prop",2017,"LAR1N81",NA,NA,NA,NA,NA,0.146218760185627,0.440130566021066,"pxw",0.217357207311092,0
"tr_brz_prop",2017,"LAR1N83",0.613943484061445,0.369584765086106,0.26985169118968,0.318926764166857,0.118072908712789,0.146218760185627,0.440130566021066,"pxw",0.217357207311092,0
"tr_brz_prop",2017,"LAR1N85",0.564836514860255,0.359052549105834,0.264193278870686,0.290324473504751,0.118529539088416,0.146218760185627,0.440130566021066,"pxw",0.217357207311092,1
"tr_brz_prop",2017,"LAR1N91",NA,NA,NA,NA,NA,0.146218760185627,0.440130566021066,"pxw",0.217357207311092,0
"tr_brz_prop",2017,"LAR1N98",NA,NA,NA,NA,NA,0.146218760185627,0.440130566021066,"pxw",0.217357207311092,1
"tr_brz_prop",2017,"LAR1N99",0.454437846859685,0.449454678195798,0.310085361727387,0.25305511837369,0.114773704712733,0.146218760185627,0.440130566021066,"pxw",0.217357207311092,0
"tr_brz_prop",2017,"LAR2N1",0.506091056017443,0.500280350480989,0.333457910263638,0.292246402863254,0.112812834090224,0.146218760185627,0.440130566021066,"pxw",0.217357207311092,1
"tr_brz_prop",2017,"LAR2N10",NA,NA,NA,NA,NA,0.146218760185627,0.440130566021066,"pxw",0.217357207311092,1
"tr_brz_prop",2017,"LAR2N100",NA,NA,NA,NA,NA,0.146218760185627,0.440130566021066,"pxw",0.217357207311092,1
"tr_brz_prop",2017,"LAR2N101",NA,NA,NA,NA,NA,0.146218760185627,0.440130566021066,"pxw",0.217357207311092,1
"tr_brz_prop",2017,"LAR2N102",NA,NA,NA,NA,NA,0.146218760185627,0.440130566021066,"pxw",0.217357207311092,1
"tr_brz_prop",2017,"LAR2N103",0.537512830956826,0.48660219632542,0.327325089071039,0.307523623408773,0.113330638430888,0.146218760185627,0.440130566021066,"pxw",0.217357207311092,0
"tr_brz_prop",2017,"LAR2N11",NA,NA,NA,NA,NA,0.146218760185627,0.440130566021066,"pxw",0.217357207311092,1
"tr_brz_prop",2017,"LAR2N110",NA,NA,NA,NA,NA,0.146218760185627,0.440130566021066,"pxw",0.217357207311092,1
"tr_brz_prop",2017,"LAR2N112",0.448732853587977,0.505890551257194,0.335941115265549,0.260087480143741,0.112602495689556,0.146218760185627,0.440130566021066,"pxw",0.217357207311092,0
"tr_brz_prop",2017,"LAR2N113",NA,NA,NA,NA,NA,0.146218760185627,0.440130566021066,"pxw",0.217357207311092,1
"tr_brz_prop",2017,"LAR2N115",NA,NA,NA,NA,NA,0.146218760185627,0.440130566021066,"pxw",0.217357207311092,0
"tr_brz_prop",2017,"LAR2N117",NA,NA,NA,NA,NA,0.146218760185627,0.440130566021066,"pxw",0.217357207311092,0
"tr_brz_prop",2017,"LAR2N119",NA,NA,NA,NA,NA,0.146218760185627,0.440130566021066,"pxw",0.217357207311092,1
"tr_brz_prop",2017,"LAR2N12",NA,NA,NA,NA,NA,0.146218760185627,0.440130566021066,"pxw",0.217357207311092,1
"tr_brz_prop",2017,"LAR2N120",0.523609677105773,0.428684311364712,0.300055308198368,0.286819266918494,0.115604990541866,0.146218760185627,0.440130566021066,"pxw",0.217357207311092,0
"tr_brz_prop",2017,"LAR2N121",NA,NA,NA,NA,NA,0.146218760185627,0.440130566021066,"pxw",0.217357207311092,0
"tr_brz_prop",2017,"LAR2N17",NA,NA,NA,NA,NA,0.146218760185627,0.440130566021066,"pxw",0.217357207311092,1
"tr_brz_prop",2017,"LAR2N18",NA,NA,NA,NA,NA,0.146218760185627,0.440130566021066,"pxw",0.217357207311092,1
"tr_brz_prop",2017,"LAR2N2",0.579358012582246,0.317105956485203,0.240759640425152,0.284275125999717,0.120402183639559,0.146218760185627,0.440130566021066,"pxw",0.217357207311092,1
"tr_brz_prop",2017,"LAR2N20",0.496979007018051,0.413679356121516,0.292626014753771,0.268840386053112,0.116216893457161,0.146218760185627,0.440130566021066,"pxw",0.217357207311092,0
"tr_brz_prop",2017,"LAR2N21",0.574500927702533,0.299443118613284,0.230439573940595,0.27578412684868,0.121217712327467,0.146218760185627,0.440130566021066,"pxw",0.217357207311092,1
"tr_brz_prop",2017,"LAR2N22",NA,NA,NA,NA,NA,0.146218760185627,0.440130566021066,"pxw",0.217357207311092,1
"tr_brz_prop",2017,"LAR2N23",NA,NA,NA,NA,NA,0.146218760185627,0.440130566021066,"pxw",0.217357207311092,1
"tr_brz_prop",2017,"LAR2N28",NA,NA,NA,NA,NA,0.146218760185627,0.440130566021066,"pxw",0.217357207311092,0
"tr_brz_prop",2017,"LAR2N29",0.345238833501945,0.447060888602786,0.308944075625212,0.19189319607217,0.11486859725409,0.146218760185627,0.440130566021066,"pxw",0.217357207311092,0
"tr_brz_prop",2017,"LAR2N3",0.434646792334409,0.439388225037159,0.305260399796459,0.240143985063032,0.115174344063193,0.146218760185627,0.440130566021066,"pxw",0.217357207311092,0
"tr_brz_prop",2017,"LAR2N31",NA,NA,NA,NA,NA,0.146218760185627,0.440130566021066,"pxw",0.217357207311092,0
"tr_brz_prop",2017,"LAR2N32",NA,NA,NA,NA,NA,0.146218760185627,0.440130566021066,"pxw",0.217357207311092,1
"tr_brz_prop",2017,"LAR2N33",NA,NA,NA,NA,NA,0.146218760185627,0.440130566021066,"pxw",0.217357207311092,0
"tr_brz_prop",2017,"LAR2N34",NA,NA,NA,NA,NA,0.146218760185627,0.440130566021066,"pxw",0.217357207311092,1
"tr_brz_prop",2017,"LAR2N35",NA,NA,NA,NA,NA,0.146218760185627,0.440130566021066,"pxw",0.217357207311092,0
"tr_brz_prop",2017,"LAR2N36",NA,NA,NA,NA,NA,0.146218760185627,0.440130566021066,"pxw",0.217357207311092,1
"tr_brz_prop",2017,"LAR2N37",NA,NA,NA,NA,NA,0.146218760185627,0.440130566021066,"pxw",0.217357207311092,0
"tr_brz_prop",2017,"LAR2N38",NA,NA,NA,NA,NA,0.146218760185627,0.440130566021066,"pxw",0.217357207311092,0
"tr_brz_prop",2017,"LAR2N39",NA,NA,NA,NA,NA,0.146218760185627,0.440130566021066,"pxw",0.217357207311092,1
"tr_brz_prop",2017,"LAR2N40",0.733214966158253,0.441879052008837,0.306460553257368,0.405899589133122,0.11507481998576,0.146218760185627,0.440130566021066,"pxw",0.217357207311092,0
"tr_brz_prop",2017,"LAR2N42",NA,NA,NA,NA,NA,0.146218760185627,0.440130566021066,"pxw",0.217357207311092,0
"tr_brz_prop",2017,"LAR2N44",NA,NA,NA,NA,NA,0.146218760185627,0.440130566021066,"pxw",0.217357207311092,0
"tr_brz_prop",2017,"LAR2N54",NA,NA,NA,NA,NA,0.146218760185627,0.440130566021066,"pxw",0.217357207311092,0
"tr_brz_prop",2017,"LAR2N55",NA,NA,NA,NA,NA,0.146218760185627,0.440130566021066,"pxw",0.217357207311092,1
"tr_brz_prop",2017,"LAR2N56",NA,NA,NA,NA,NA,0.146218760185627,0.440130566021066,"pxw",0.217357207311092,1
"tr_brz_prop",2017,"LAR2N57",NA,NA,NA,NA,NA,0.146218760185627,0.440130566021066,"pxw",0.217357207311092,1
"tr_brz_prop",2017,"LAR2N58",NA,NA,NA,NA,NA,0.146218760185627,0.440130566021066,"pxw",0.217357207311092,0
"tr_brz_prop",2017,"LAR2N59",0.565938439961443,0.48944761237476,0.328610156079535,0.324421541964985,0.113222334193209,0.146218760185627,0.440130566021066,"pxw",0.217357207311092,0
"tr_brz_prop",2017,"LAR2N6",0.686240600321217,0.372550782413836,0.271429507153571,0.357523783725783,0.117945264731534,0.146218760185627,0.440130566021066,"pxw",0.217357207311092,1
"tr_brz_prop",2017,"LAR2N60",NA,NA,NA,NA,NA,0.146218760185627,0.440130566021066,"pxw",0.217357207311092,1
"tr_brz_prop",2017,"LAR2N62",NA,NA,NA,NA,NA,0.146218760185627,0.440130566021066,"pxw",0.217357207311092,1
"tr_brz_prop",2017,"LAR2N63",NA,NA,NA,NA,NA,0.146218760185627,0.440130566021066,"pxw",0.217357207311092,1
"tr_brz_prop",2017,"LAR2N65",NA,NA,NA,NA,NA,0.146218760185627,0.440130566021066,"pxw",0.217357207311092,0
"tr_brz_prop",2017,"LAR2N67",NA,NA,NA,NA,NA,0.146218760185627,0.440130566021066,"pxw",0.217357207311092,1
"tr_brz_prop",2017,"LAR2N68",NA,NA,NA,NA,NA,0.146218760185627,0.440130566021066,"pxw",0.217357207311092,0
"tr_brz_prop",2017,"LAR2N69",0.680820409380887,0.354058958780306,0.261479721015421,0.348138114486043,0.118747898584007,0.146218760185627,0.440130566021066,"pxw",0.217357207311092,0
"tr_brz_prop",2017,"LAR2N72",NA,NA,NA,NA,NA,0.146218760185627,0.440130566021066,"pxw",0.217357207311092,0
"tr_brz_prop",2017,"LAR2N73",0.363277317697004,0.496359102646292,0.331711219431544,0.209227305774722,0.112960551857678,0.146218760185627,0.440130566021066,"pxw",0.217357207311092,0
"tr_brz_prop",2017,"LAR2N75",NA,NA,NA,NA,NA,0.146218760185627,0.440130566021066,"pxw",0.217357207311092,1
"tr_brz_prop",2017,"LAR2N76",NA,NA,NA,NA,NA,0.146218760185627,0.440130566021066,"pxw",0.217357207311092,1
"tr_brz_prop",2017,"LAR2N77",NA,NA,NA,NA,NA,0.146218760185627,0.440130566021066,"pxw",0.217357207311092,1
"tr_brz_prop",2017,"LAR2N79",NA,NA,NA,NA,NA,0.146218760185627,0.440130566021066,"pxw",0.217357207311092,1
"tr_brz_prop",2017,"LAR2N8",0.467065295564204,0.472785329077499,0.321014420596948,0.264630483402721,0.113861000506593,0.146218760185627,0.440130566021066,"pxw",0.217357207311092,1
"tr_brz_prop",2017,"LAR2N84",NA,NA,NA,NA,NA,0.146218760185627,0.440130566021066,"pxw",0.217357207311092,1
"tr_brz_prop",2017,"LAR2N86",NA,NA,NA,NA,NA,0.146218760185627,0.440130566021066,"pxw",0.217357207311092,1
"tr_brz_prop",2017,"LAR2N88",0.467841786476977,0.447948383976891,0.309367646619121,0.260217473635161,0.114833388480066,0.146218760185627,0.440130566021066,"pxw",0.217357207311092,0
"tr_brz_prop",2017,"LAR2N90",0.426191519012721,0.591319700777424,0.371590762364433,0.259798869985163,0.109538301035049,0.146218760185627,0.440130566021066,"pxw",0.217357207311092,0
"tr_brz_prop",2017,"LAR2N91",NA,NA,NA,NA,NA,0.146218760185627,0.440130566021066,"pxw",0.217357207311092,0
"tr_brz_prop",2017,"LAR2N92",NA,NA,NA,NA,NA,0.146218760185627,0.440130566021066,"pxw",0.217357207311092,0
"tr_brz_prop",2017,"LAR2N94",0.43910418090183,0.370893331955829,0.270548643946413,0.228396925233125,0.118016542844997,0.146218760185627,0.440130566021066,"pxw",0.217357207311092,0
"tr_brz_prop",2017,"LAR2N97",NA,NA,NA,NA,NA,0.146218760185627,0.440130566021066,"pxw",0.217357207311092,1
"tr_brz_prop",2017,"LAR2N98",NA,NA,NA,NA,NA,0.146218760185627,0.440130566021066,"pxw",0.217357207311092,1
"tr_brz_prop",2017,"LAR3N100",0.544144822199779,0.381403381221998,0.276098485356686,0.285921302179437,0.117566736527428,0.146218760185627,0.440130566021066,"pxw",0.217357207311092,1
"tr_brz_prop",2017,"LAR3N101",NA,NA,NA,NA,NA,0.146218760185627,0.440130566021066,"pxw",0.217357207311092,1
"tr_brz_prop",2017,"LAR3N108",NA,NA,NA,NA,NA,0.146218760185627,0.440130566021066,"pxw",0.217357207311092,1
"tr_brz_prop",2017,"LAR3N109",NA,NA,NA,NA,NA,0.146218760185627,0.440130566021066,"pxw",0.217357207311092,0
"tr_brz_prop",2017,"LAR3N112",0.572856740993246,0.414966482589978,0.293269478603067,0.310226905981261,0.116164022991775,0.146218760185627,0.440130566021066,"pxw",0.217357207311092,0
"tr_brz_prop",2017,"LAR3N113",NA,NA,NA,NA,NA,0.146218760185627,0.440130566021066,"pxw",0.217357207311092,1
"tr_brz_prop",2017,"LAR3N114",0.590314638308641,0.399387368359566,0.285401581713395,0.31536372779401,0.116808849297778,0.146218760185627,0.440130566021066,"pxw",0.217357207311092,1
"tr_brz_prop",2017,"LAR3N118",0.422786982863254,0.473365620828663,0.321281842155668,0.239642972587173,0.113838575961908,0.146218760185627,0.440130566021066,"pxw",0.217357207311092,0
"tr_brz_prop",2017,"LAR3N12",0.629449988156597,0.651903798680733,0.394637871286067,0.395421800818668,0.107510862114676,0.146218760185627,0.440130566021066,"pxw",0.217357207311092,0
"tr_brz_prop",2017,"LAR3N120",NA,NA,NA,NA,NA,0.146218760185627,0.440130566021066,"pxw",0.217357207311092,1
"tr_brz_prop",2017,"LAR3N123",NA,NA,NA,NA,NA,0.146218760185627,0.440130566021066,"pxw",0.217357207311092,1
"tr_brz_prop",2017,"LAR3N124",NA,NA,NA,NA,NA,0.146218760185627,0.440130566021066,"pxw",0.217357207311092,1
"tr_brz_prop",2017,"LAR3N14",0.503101376221676,0.555489824525144,0.357115691640556,0.300649144276463,0.11079269666978,0.146218760185627,0.440130566021066,"pxw",0.217357207311092,0
"tr_brz_prop",2017,"LAR3N15",NA,NA,NA,NA,NA,0.146218760185627,0.440130566021066,"pxw",0.217357207311092,1
"tr_brz_prop",2017,"LAR3N16",NA,NA,NA,NA,NA,0.146218760185627,0.440130566021066,"pxw",0.217357207311092,1
"tr_brz_prop",2017,"LAR3N17",0.478505766503615,0.371774912913558,0.27101743107689,0.24910691768637,0.117978614662699,0.146218760185627,0.440130566021066,"pxw",0.217357207311092,1
"tr_brz_prop",2017,"LAR3N2",NA,NA,NA,NA,NA,0.146218760185627,0.440130566021066,"pxw",0.217357207311092,1
"tr_brz_prop",2017,"LAR3N20",0.462626224210751,0.444805464522459,0.307865297747526,0.256690985041441,0.114958220520632,0.146218760185627,0.440130566021066,"pxw",0.217357207311092,0
"tr_brz_prop",2017,"LAR3N21",NA,NA,NA,NA,NA,0.146218760185627,0.440130566021066,"pxw",0.217357207311092,1
"tr_brz_prop",2017,"LAR3N23",0.397778066522278,0.422944727193779,0.297232014083834,0.216864579574946,0.115837907818852,0.146218760185627,0.440130566021066,"pxw",0.217357207311092,0
"tr_brz_prop",2017,"LAR3N26",NA,NA,NA,NA,NA,0.146218760185627,0.440130566021066,"pxw",0.217357207311092,0
"tr_brz_prop",2017,"LAR3N28",NA,NA,NA,NA,NA,0.146218760185627,0.440130566021066,"pxw",0.217357207311092,0
"tr_brz_prop",2017,"LAR3N3",NA,NA,NA,NA,NA,0.146218760185627,0.440130566021066,"pxw",0.217357207311092,1
"tr_brz_prop",2017,"LAR3N30",NA,NA,NA,NA,NA,0.146218760185627,0.440130566021066,"pxw",0.217357207311092,0
"tr_brz_prop",2017,"LAR3N31",NA,NA,NA,NA,NA,0.146218760185627,0.440130566021066,"pxw",0.217357207311092,1
"tr_brz_prop",2017,"LAR3N32",NA,NA,NA,NA,NA,0.146218760185627,0.440130566021066,"pxw",0.217357207311092,1
"tr_brz_prop",2017,"LAR3N34",0.376646111748672,0.438617216909674,0.304888063172132,0.207971440108893,0.115205203022632,0.146218760185627,0.440130566021066,"pxw",0.217357207311092,0
"tr_brz_prop",2017,"LAR3N36",NA,NA,NA,NA,NA,0.146218760185627,0.440130566021066,"pxw",0.217357207311092,0
"tr_brz_prop",2017,"LAR3N38",0.546174080371977,0.386439246518325,0.278727861670654,0.288350877652204,0.117353027616586,0.146218760185627,0.440130566021066,"pxw",0.217357207311092,0
"tr_brz_prop",2017,"LAR3N39",NA,NA,NA,NA,NA,0.146218760185627,0.440130566021066,"pxw",0.217357207311092,1
"tr_brz_prop",2017,"LAR3N40",NA,NA,NA,NA,NA,0.146218760185627,0.440130566021066,"pxw",0.217357207311092,1
"tr_brz_prop",2017,"LAR3N41",NA,NA,NA,NA,NA,0.146218760185627,0.440130566021066,"pxw",0.217357207311092,1
"tr_brz_prop",2017,"LAR3N43",0.397524643970003,0.513887793760549,0.339449063450095,0.231606831201251,0.112304685681943,0.146218760185627,0.440130566021066,"pxw",0.217357207311092,0
"tr_brz_prop",2017,"LAR3N44",NA,NA,NA,NA,NA,0.146218760185627,0.440130566021066,"pxw",0.217357207311092,1
"tr_brz_prop",2017,"LAR3N45",NA,NA,NA,NA,NA,0.146218760185627,0.440130566021066,"pxw",0.217357207311092,1
"tr_brz_prop",2017,"LAR3N49",0.422568416641494,0.62653104516179,0.385194642933771,0.262263077709832,0.108346164539105,0.146218760185627,0.440130566021066,"pxw",0.217357207311092,0
"tr_brz_prop",2017,"LAR3N5",NA,NA,NA,NA,NA,0.146218760185627,0.440130566021066,"pxw",0.217357207311092,1
"tr_brz_prop",2017,"LAR3N52",NA,NA,NA,NA,NA,0.146218760185627,0.440130566021066,"pxw",0.217357207311092,1
"tr_brz_prop",2017,"LAR3N53",NA,NA,NA,NA,NA,0.146218760185627,0.440130566021066,"pxw",0.217357207311092,1
"tr_brz_prop",2017,"LAR3N54",0.548913275206026,0.513095573679063,0.339103215027905,0.319646304465253,0.11233408183715,0.146218760185627,0.440130566021066,"pxw",0.217357207311092,0
"tr_brz_prop",2017,"LAR3N55",NA,NA,NA,NA,NA,0.146218760185627,0.440130566021066,"pxw",0.217357207311092,0
"tr_brz_prop",2017,"LAR3N57",0.636071917086606,0.43097133613206,0.301173982490092,0.34907194635698,0.115512571779107,0.146218760185627,0.440130566021066,"pxw",0.217357207311092,0
"tr_brz_prop",2017,"LAR3N60",NA,NA,NA,NA,NA,0.146218760185627,0.440130566021066,"pxw",0.217357207311092,0
"tr_brz_prop",2017,"LAR3N63",0.536817113034949,0.570387674285777,0.363214563910273,0.323525099344968,0.110265913922891,0.146218760185627,0.440130566021066,"pxw",0.217357207311092,0
"tr_brz_prop",2017,"LAR3N65",0.437283940030842,0.378081817294353,0.274353679549054,0.229044001322761,0.117708335669973,0.146218760185627,0.440130566021066,"pxw",0.217357207311092,1
"tr_brz_prop",2017,"LAR3N66",0.543580297824376,0.437555015119573,0.304374448642008,0.299894018159991,0.115247757420581,0.146218760185627,0.440130566021066,"pxw",0.217357207311092,0
"tr_brz_prop",2017,"LAR3N67",0.455090602315535,0.480072803589565,0.324357560266808,0.259185009681685,0.113580344367168,0.146218760185627,0.440130566021066,"pxw",0.217357207311092,0
"tr_brz_prop",2017,"LAR3N71",0.560439077841141,0.396510790047597,0.283929628666945,0.298630228814768,0.116929090742359,0.146218760185627,0.440130566021066,"pxw",0.217357207311092,0
"tr_brz_prop",2017,"LAR3N74",0.670197579996711,0.478427549957147,0.323605678188975,0.381250939020139,0.113643525181935,0.146218760185627,0.440130566021066,"pxw",0.217357207311092,0
"tr_brz_prop",2017,"LAR3N76",0.373252883564846,0.61062194185249,0.379121832371271,0.229822512880047,0.108879950490329,0.146218760185627,0.440130566021066,"pxw",0.217357207311092,0
"tr_brz_prop",2017,"LAR3N77",0.516820823731162,0.54540446581149,0.352920208189704,0.307028200567029,0.11115362709829,0.146218760185627,0.440130566021066,"pxw",0.217357207311092,0
"tr_brz_prop",2017,"LAR3N78",NA,NA,NA,NA,NA,0.146218760185627,0.440130566021066,"pxw",0.217357207311092,1
"tr_brz_prop",2017,"LAR3N79",0.447113811457018,0.603855942273848,0.376502606223934,0.27434817714204,0.10910936835012,0.146218760185627,0.440130566021066,"pxw",0.217357207311092,0
"tr_brz_prop",2017,"LAR3N81",NA,NA,NA,NA,NA,0.146218760185627,0.440130566021066,"pxw",0.217357207311092,0
"tr_brz_prop",2017,"LAR3N82",NA,NA,NA,NA,NA,0.146218760185627,0.440130566021066,"pxw",0.217357207311092,0
"tr_brz_prop",2017,"LAR3N83",NA,NA,NA,NA,NA,0.146218760185627,0.440130566021066,"pxw",0.217357207311092,1
"tr_brz_prop",2017,"LAR3N86",NA,NA,NA,NA,NA,0.146218760185627,0.440130566021066,"pxw",0.217357207311092,1
"tr_brz_prop",2017,"LAR3N9",NA,NA,NA,NA,NA,0.146218760185627,0.440130566021066,"pxw",0.217357207311092,1
"tr_brz_prop",2017,"LAR3N90",0.516566746901315,0.422356265882714,0.296941262898434,0.281489190041728,0.115861867736535,0.146218760185627,0.440130566021066,"pxw",0.217357207311092,0
"tr_brz_prop",2017,"LAR3N95",0.671665155311313,0.486324351730747,0.327199343241902,0.384201477054976,0.113341230612144,0.146218760185627,0.440130566021066,"pxw",0.217357207311092,0
"tr_brz_prop",2017,"LAR3N96",0.424730371822624,0.336672334484592,0.251873496442499,0.21315943151303,0.11951770376,0.146218760185627,0.440130566021066,"pxw",0.217357207311092,1
"tr_brz_prop",2017,"LAR3N97",0.546022534625211,0.641092923824863,0.390649983628398,0.341274997265546,0.107864400469093,0.146218760185627,0.440130566021066,"pxw",0.217357207311092,0
"tr_brz_prop",2017,"LAR3N98",0.376308347161492,0.462444096545298,0.316213178772249,0.211608853810423,0.114262858223279,0.146218760185627,0.440130566021066,"pxw",0.217357207311092,0
"tr_brz_prop",2017,"LAR4N1",0.497437678588522,0.631851904666574,0.387199293550892,0.309532286685624,0.10816938213044,0.146218760185627,0.440130566021066,"pxw",0.217357207311092,0
"tr_brz_prop",2017,"LAR4N100",0.490416033450468,0.985750063661261,0.496411951181695,0.345530011572039,0.0980578637814431,0.146218760185627,0.440130566021066,"pxa",0.279482289131704,0
"tr_brz_prop",2017,"LAR4N101",0.784464410940707,0.885927544940016,0.469756935952804,0.537662622682225,0.100619514743982,0.146218760185627,0.440130566021066,"pxa",0.279482289131704,1
"tr_brz_prop",2017,"LAR4N103",0.826142718790368,0.917756813447014,0.478557451607965,0.571507746037744,0.0997810232186839,0.146218760185627,0.440130566021066,"pxa",0.279482289131704,1
"tr_brz_prop",2017,"LAR4N105",0.527268496178068,0.795347737861827,0.443004840281832,0.350942575594884,0.103126536193623,0.146218760185627,0.440130566021066,"pxa",0.279482289131704,1
"tr_brz_prop",2017,"LAR4N108",0.633207295546382,0.889306820738833,0.470705345990897,0.434430667323265,0.100529488797254,0.146218760185627,0.440130566021066,"pxa",0.279482289131704,1
"tr_brz_prop",2017,"LAR4N109",0.56100282354952,0.957471719373877,0.489136936129088,0.392355980298799,0.0987636137204924,0.146218760185627,0.440130566021066,"pxa",0.279482289131704,1
"tr_brz_prop",2017,"LAR4N11",NA,NA,NA,NA,NA,0.146218760185627,0.440130566021066,"pxw",0.217357207311092,1
"tr_brz_prop",2017,"LAR4N112",0.680395617247795,0.917717523926332,0.478546768476829,0.470677785417944,0.0997820453526653,0.146218760185627,0.440130566021066,"pxa",0.279482289131704,1
"tr_brz_prop",2017,"LAR4N114",0.46921682547586,0.850342103748681,0.459559398246378,0.318085888792315,0.101582455078801,0.146218760185627,0.440130566021066,"pxa",0.279482289131704,0
"tr_brz_prop",2017,"LAR4N116",0.636205936750222,0.806624901006068,0.446481668971172,0.425108250532732,0.102804168414073,0.146218760185627,0.440130566021066,"pxa",0.279482289131704,1
"tr_brz_prop",2017,"LAR4N119",0.355153700096499,1.13153958195525,0.530855533500014,0.258764394494871,0.0946450749481157,0.146218760185627,0.440130566021066,"pxa",0.279482289131704,0
"tr_brz_prop",2017,"LAR4N12",NA,NA,NA,NA,NA,0.146218760185627,0.440130566021066,"pxw",0.217357207311092,1
"tr_brz_prop",2017,"LAR4N120",0.665473171417304,0.855589369084723,0.46108766483543,0.451879150410221,0.101438725149735,0.146218760185627,0.440130566021066,"pxa",0.279482289131704,1
"tr_brz_prop",2017,"LAR4N121",0.653270225334816,0.972997741527306,0.493157047799814,0.458759939156078,0.0983742481775744,0.146218760185627,0.440130566021066,"pxa",0.279482289131704,1
"tr_brz_prop",2017,"LAR4N122",0.809345216578969,0.871841991822657,0.465766873289195,0.552354762310693,0.100997384580388,0.146218760185627,0.440130566021066,"pxa",0.279482289131704,1
"tr_brz_prop",2017,"LAR4N123",0.514938409985652,0.888018822674047,0.470344263526104,0.353153254993699,0.100563773336694,0.146218760185627,0.440130566021066,"pxa",0.279482289131704,1
"tr_brz_prop",2017,"LAR4N13",NA,NA,NA,NA,NA,0.146218760185627,0.440130566021066,"pxw",0.217357207311092,1
"tr_brz_prop",2017,"LAR4N14",0.523953624011598,0.585291716781699,0.36920127102531,0.318364358956354,0.109746360102411,0.146218760185627,0.440130566021066,"pxw",0.217357207311092,0
"tr_brz_prop",2017,"LAR4N16",0.60030533415319,0.489321147716806,0.328553145483066,0.344092349813697,0.11322714118861,0.146218760185627,0.440130566021066,"pxw",0.217357207311092,0
"tr_brz_prop",2017,"LAR4N17",0.443933851528635,0.482518941179986,0.325472361787117,0.253265083937987,0.11348660261382,0.146218760185627,0.440130566021066,"pxw",0.217357207311092,0
"tr_brz_prop",2017,"LAR4N18",NA,NA,NA,NA,NA,0.146218760185627,0.440130566021066,"pxw",0.217357207311092,1
"tr_brz_prop",2017,"LAR4N20",0.518359155706137,0.54531271213648,0.352881787520246,0.307925316275964,0.111156926948965,0.146218760185627,0.440130566021066,"pxw",0.217357207311092,1
"tr_brz_prop",2017,"LAR4N21",0.432005637442976,0.550039313729888,0.354855072937678,0.257344519183535,0.110987319751832,0.146218760185627,0.440130566021066,"pxw",0.217357207311092,0
"tr_brz_prop",2017,"LAR4N25",0.456641549843117,0.605742939562257,0.377235312476223,0.280466887730005,0.109045239279202,0.146218760185627,0.440130566021066,"pxw",0.217357207311092,0
"tr_brz_prop",2017,"LAR4N28",0.364920184520067,0.609791972995956,0.378801722971126,0.224596952249638,0.108908014775896,0.146218760185627,0.440130566021066,"pxw",0.217357207311092,0
"tr_brz_prop",2017,"LAR4N30",0.513414839357859,0.497199637785531,0.332086399994677,0.295865251903074,0.11292883910525,0.146218760185627,0.440130566021066,"pxw",0.217357207311092,0
"tr_brz_prop",2017,"LAR4N31",0.57451279118442,0.476469206782743,0.322708529642131,0.32636601203014,0.113718866839204,0.146218760185627,0.440130566021066,"pxw",0.217357207311092,1
"tr_brz_prop",2017,"LAR4N32",NA,NA,NA,NA,NA,0.146218760185627,0.440130566021066,"pxw",0.217357207311092,0
"tr_brz_prop",2017,"LAR4N34",NA,NA,NA,NA,NA,0.146218760185627,0.440130566021066,"pxw",0.217357207311092,1
"tr_brz_prop",2017,"LAR4N37",0.799587067111547,0.584086571165463,0.368721370282012,0.485528710133336,0.109788098730022,0.146218760185627,0.440130566021066,"pxw",0.217357207311092,0
"tr_brz_prop",2017,"LAR4N38",0.469085049009654,0.523960942089423,0.343815203932358,0.275051571075049,0.111932911938902,0.146218760185627,0.440130566021066,"pxw",0.217357207311092,0
"tr_brz_prop",2017,"LAR4N39",NA,NA,NA,NA,NA,0.146218760185627,0.440130566021066,"pxw",0.217357207311092,0
"tr_brz_prop",2017,"LAR4N40",0.411933459237184,0.514302882530882,0.33963012846632,0.240065733185625,0.112289292589389,0.146218760185627,0.440130566021066,"pxw",0.217357207311092,0
"tr_brz_prop",2017,"LAR4N41",NA,NA,NA,NA,NA,0.146218760185627,0.440130566021066,"pxw",0.217357207311092,0
"tr_brz_prop",2017,"LAR4N43",NA,NA,NA,NA,NA,0.146218760185627,0.440130566021066,"pxw",0.217357207311092,1
"tr_brz_prop",2017,"LAR4N44",0.574405642944301,0.376827659212914,0.273692685276481,0.30050402476327,0.117761933975005,0.146218760185627,0.440130566021066,"pxw",0.217357207311092,1
"tr_brz_prop",2017,"LAR4N50",0.713219921868382,0.677144070811673,0.40374830200721,0.453188436529502,0.106698799915973,0.146218760185627,0.440130566021066,"pxa",0.279482289131704,1
"tr_brz_prop",2017,"LAR4N53",0.812069478384795,0.978442353825953,0.49455186396198,0.57108283838595,0.0982387934741104,0.146218760185627,0.440130566021066,"pxa",0.279482289131704,1
"tr_brz_prop",2017,"LAR4N54",0.593380779589923,0.782963562571612,0.439136042377851,0.393217661978449,0.103484066515597,0.146218760185627,0.440130566021066,"pxa",0.279482289131704,1
"tr_brz_prop",2017,"LAR4N57",0.51563707729913,0.896004329284016,0.472575043972801,0.354470036361553,0.100351774868383,0.146218760185627,0.440130566021066,"pxa",0.279482289131704,1
"tr_brz_prop",2017,"LAR4N59",0.592189651630226,1.01742886563443,0.504319573773161,0.420546212629229,0.0972849376997921,0.146218760185627,0.440130566021066,"pxa",0.279482289131704,1
"tr_brz_prop",2017,"LAR4N6",0.529302506934521,0.358144706711494,0.263701433979504,0.271806724305777,0.118569147594011,0.146218760185627,0.440130566021066,"pxw",0.217357207311092,0
"tr_brz_prop",2017,"LAR4N60",0.464629675001594,0.927183677525728,0.481108100041673,0.322276232756206,0.0995366834483695,0.146218760185627,0.440130566021066,"pxa",0.279482289131704,0
"tr_brz_prop",2017,"LAR4N61",0.725710082237203,0.864856675931318,0.463765761247794,0.494211102917382,0.101186364039484,0.146218760185627,0.440130566021066,"pxa",0.279482289131704,1
"tr_brz_prop",2017,"LAR4N63",0.539566158893942,0.953040525264083,0.487977854497011,0.376916161735337,0.0988755911171458,0.146218760185627,0.440130566021066,"pxa",0.279482289131704,0
"tr_brz_prop",2017,"LAR4N65",0.548732540940154,0.805083014153001,0.446008858230141,0.366464961956392,0.102848066273322,0.146218760185627,0.440130566021066,"pxa",0.279482289131704,0
"tr_brz_prop",2017,"LAR4N7",0.605988660536991,0.511279244814988,0.338308917143621,0.352469238395376,0.112401565847066,0.146218760185627,0.440130566021066,"pxw",0.217357207311092,0
"tr_brz_prop",2017,"LAR4N70",0.437726354227314,0.884061558395975,0.469231779851522,0.299844718856636,0.100669329516328,0.146218760185627,0.440130566021066,"pxa",0.279482289131704,0
"tr_brz_prop",2017,"LAR4N71",0.484452971480494,0.929439738041109,0.481714831365884,0.336237875555369,0.0994784731661055,0.146218760185627,0.440130566021066,"pxa",0.279482289131704,0
"tr_brz_prop",2017,"LAR4N74",0.55130663904229,0.89708700507865,0.47287604768631,0.379111432043014,0.100323135184682,0.146218760185627,0.440130566021066,"pxa",0.279482289131704,0
"tr_brz_prop",2017,"LAR4N76",0.621495307291128,0.993310190517091,0.498321934660562,0.43872547793235,0.0978717326542364,0.146218760185627,0.440130566021066,"pxa",0.279482289131704,0
"tr_brz_prop",2017,"LAR4N77",0.755436309999668,0.801976552156911,0.445053822258103,0.503969347996353,0.102936678978114,0.146218760185627,0.440130566021066,"pxa",0.279482289131704,0
"tr_brz_prop",2017,"LAR4N79",0.363518418170961,0.897021794640147,0.472857927713111,0.249972225761173,0.100324859482061,0.146218760185627,0.440130566021066,"pxa",0.279482289131704,0
"tr_brz_prop",2017,"LAR4N8",NA,NA,NA,NA,NA,0.146218760185627,0.440130566021066,"pxw",0.217357207311092,1
"tr_brz_prop",2017,"LAR4N82",0.679648392964852,0.933052938853978,0.482683593449408,0.472188670931201,0.0993854586884704,0.146218760185627,0.440130566021066,"pxa",0.279482289131704,1
"tr_brz_prop",2017,"LAR4N84",0.601032756189933,0.910589290083457,0.476601274177393,0.414930864770315,0.0999680109001515,0.146218760185627,0.440130566021066,"pxa",0.279482289131704,0
"tr_brz_prop",2017,"LAR4N86",0.778465455850114,0.748146358983101,0.427965516238754,0.509264887829675,0.1045095133296,0.146218760185627,0.440130566021066,"pxa",0.279482289131704,1
"tr_brz_prop",2017,"LAR4N87",0.922663147517105,0.686737554804775,0.407139541565646,0.588728169236191,0.106394937333744,0.146218760185627,0.440130566021066,"pxa",0.279482289131704,1
"tr_brz_prop",2017,"LAR4N88",0.623832927216616,0.873297777462419,0.466182038952394,0.425937681440561,0.100958133180995,0.146218760185627,0.440130566021066,"pxa",0.279482289131704,1
"tr_brz_prop",2017,"LAR4N89",0.642707690741196,0.914115304670443,0.477565433200393,0.444150278751149,0.0998758923260027,0.146218760185627,0.440130566021066,"pxa",0.279482289131704,1
"tr_brz_prop",2017,"LAR4N90",0.659327697712436,0.792061949432345,0.441983576339668,0.438333220454734,0.103221035381677,0.146218760185627,0.440130566021066,"pxa",0.279482289131704,1
"tr_brz_prop",2017,"LAR4N91",0.659981880463281,0.616678994598541,0.381448015752612,0.407614563520639,0.108675794167914,0.146218760185627,0.440130566021066,"pxa",0.279482289131704,1
"tr_brz_prop",2017,"LAR4N92",0.529788626948172,0.863780456514966,0.463456118715896,0.360667443209942,0.101215574296844,0.146218760185627,0.440130566021066,"pxa",0.279482289131704,0
"tr_brz_prop",2017,"LAR5N104",NA,NA,NA,NA,NA,0.146218760185627,0.440130566021066,"pxa",0.279482289131704,1
"tr_brz_prop",2017,"LAR5N105",0.794052193262409,0.84853839535802,0.459032064191276,0.53798548826149,0.101632002454559,0.146218760185627,0.440130566021066,"pxa",0.279482289131704,1
"tr_brz_prop",2017,"LAR5N107",NA,NA,NA,NA,NA,0.146218760185627,0.440130566021066,"pxa",0.279482289131704,1
"tr_brz_prop",2017,"LAR5N108",0.300464873602925,0.798640932835804,0.444024662319142,0.200215296050286,0.103032083937874,0.146218760185627,0.440130566021066,"pxa",0.279482289131704,0
"tr_brz_prop",2017,"LAR5N111",NA,NA,NA,NA,NA,0.146218760185627,0.440130566021066,"pxa",0.279482289131704,1
"tr_brz_prop",2017,"LAR5N112",0.406060355635478,0.807965074416164,0.446891970342445,0.27145126280749,0.102766059006915,0.146218760185627,0.440130566021066,"pxa",0.279482289131704,0
"tr_brz_prop",2017,"LAR5N113",NA,NA,NA,NA,NA,0.146218760185627,0.440130566021066,"pxa",0.279482289131704,1
"tr_brz_prop",2017,"LAR5N118",NA,NA,NA,NA,NA,0.146218760185627,0.440130566021066,"pxa",0.279482289131704,1
"tr_brz_prop",2017,"LAR5N119",0.505418030014706,0.765641209287263,0.433633518100957,0.332822097035291,0.103990458274741,0.146218760185627,0.440130566021066,"pxa",0.279482289131704,1
"tr_brz_prop",2017,"LAR5N120",0.445290544880004,0.914003430528564,0.477534896724901,0.30771313194246,0.0998788111730384,0.146218760185627,0.440130566021066,"pxa",0.279482289131704,0
"tr_brz_prop",2017,"LAR5N123",0.791507531679358,0.601417173672883,0.375553093572439,0.48505470736154,0.109192417063536,0.146218760185627,0.440130566021066,"pxa",0.279482289131704,1
"tr_brz_prop",2017,"LAR5N125",0.715865140310112,0.809165070091188,0.447258839709084,0.47875208788102,0.102731971657973,0.146218760185627,0.440130566021066,"pxa",0.279482289131704,1
"tr_brz_prop",2017,"LAR5N14",0.699275156012854,0.783588634642095,0.439332601376065,0.463494745241891,0.103465931541312,0.146218760185627,0.440130566021066,"pxa",0.279482289131704,1
"tr_brz_prop",2017,"LAR5N15",0.339943987390665,0.922271979969995,0.479782252241117,0.23546667628852,0.0996637680099031,0.146218760185627,0.440130566021066,"pxa",0.279482289131704,0
"tr_brz_prop",2017,"LAR5N17",0.505782275086189,0.868668182950249,0.464859513784195,0.344845424026434,0.101083116870091,0.146218760185627,0.440130566021066,"pxa",0.279482289131704,0
"tr_brz_prop",2017,"LAR5N18",0.461032099952816,0.998618113193916,0.499654289432043,0.325886203460316,0.0977416825553346,0.146218760185627,0.440130566021066,"pxa",0.279482289131704,0
"tr_brz_prop",2017,"LAR5N2",0.872502373752829,0.933285719997166,0.482745881968514,0.606213922177949,0.0993794751556438,0.146218760185627,0.440130566021066,"pxa",0.279482289131704,0
"tr_brz_prop",2017,"LAR5N20",0.300836862024908,0.832178822702182,0.454201747335364,0.202747473156494,0.102084731497917,0.146218760185627,0.440130566021066,"pxa",0.279482289131704,0
"tr_brz_prop",2017,"LAR5N24",0.390914430513978,0.904400855185494,0.47490046684389,0.269390949409142,0.100130304400904,0.146218760185627,0.440130566021066,"pxa",0.279482289131704,0
"tr_brz_prop",2017,"LAR5N26",0.696627949992337,0.895119849355404,0.472328887093798,0.478765832237217,0.100375189951293,0.146218760185627,0.440130566021066,"pxa",0.279482289131704,0
"tr_brz_prop",2017,"LAR5N28",0.443146252433009,0.642932446068382,0.391332247169962,0.277217025529093,0.107803997944365,0.146218760185627,0.440130566021066,"pxa",0.279482289131704,0
"tr_brz_prop",2017,"LAR5N3",0.471839091199553,0.957937154644066,0.489258377048476,0.330037321550624,0.0987518741196318,0.146218760185627,0.440130566021066,"pxa",0.279482289131704,0
"tr_brz_prop",2017,"LAR5N31",0.568478727698311,0.690607810677762,0.40849675857164,0.36333607934632,0.106273084244904,0.146218760185627,0.440130566021066,"pxa",0.279482289131704,1
"tr_brz_prop",2017,"LAR5N32",NA,NA,NA,NA,NA,0.146218760185627,0.440130566021066,"pxa",0.279482289131704,1
"tr_brz_prop",2017,"LAR5N34",0.414079786169985,1.13669525440551,0.531987541069245,0.302019344813057,0.0945308205378302,0.146218760185627,0.440130566021066,"pxa",0.279482289131704,1
"tr_brz_prop",2017,"LAR5N35",0.412233988193283,1.13111541972215,0.530762158283113,0.300326580787908,0.0946544932247213,0.146218760185627,0.440130566021066,"pxa",0.279482289131704,0
"tr_brz_prop",2017,"LAR5N37",0.480193423730512,0.644255600236726,0.391822050138659,0.30058039055536,0.107760613565102,0.146218760185627,0.440130566021066,"pxa",0.279482289131704,0
"tr_brz_prop",2017,"LAR5N38",0.415926658657245,0.874503828259291,0.466525496014258,0.284089020138432,0.100925649857526,0.146218760185627,0.440130566021066,"pxa",0.279482289131704,0
"tr_brz_prop",2017,"LAR5N39",0.583927722332414,0.712207096874493,0.415958500682875,0.376603278310119,0.105600645756089,0.146218760185627,0.440130566021066,"pxa",0.279482289131704,0
"tr_brz_prop",2017,"LAR5N4",0.750040649497464,0.815512087002865,0.44919121874267,0.50269021313424,0.102552239325807,0.146218760185627,0.440130566021066,"pxa",0.279482289131704,1
"tr_brz_prop",2017,"LAR5N41",0.874648418718827,0.67696788323012,0.403685657906678,0.555718910216977,0.106704404826465,0.146218760185627,0.440130566021066,"pxa",0.279482289131704,0
"tr_brz_prop",2017,"LAR5N42",NA,NA,NA,NA,NA,0.146218760185627,0.440130566021066,"pxa",0.279482289131704,1
"tr_brz_prop",2017,"LAR5N47",NA,NA,NA,NA,NA,0.146218760185627,0.440130566021066,"pxa",0.279482289131704,1
"tr_brz_prop",2017,"LAR5N5",0.564629259744893,0.821451680697347,0.450987357722743,0.379180123683463,0.102384895875971,0.146218760185627,0.440130566021066,"pxa",0.279482289131704,0
"tr_brz_prop",2017,"LAR5N50",0.51745196287127,0.813424802513431,0.44855722795123,0.346560425615421,0.102611242086258,0.146218760185627,0.440130566021066,"pxa",0.279482289131704,1
"tr_brz_prop",2017,"LAR5N51",NA,NA,NA,NA,NA,0.146218760185627,0.440130566021066,"pxa",0.279482289131704,1
"tr_brz_prop",2017,"LAR5N52",NA,NA,NA,NA,NA,0.146218760185627,0.440130566021066,"pxa",0.279482289131704,1
"tr_brz_prop",2017,"LAR5N55",NA,NA,NA,NA,NA,0.146218760185627,0.440130566021066,"pxa",0.279482289131704,1
"tr_brz_prop",2017,"LAR5N56",0.40982609352195,0.914667662602493,0.477716149109261,0.28325955448669,0.0998614848072032,0.146218760185627,0.440130566021066,"pxa",0.279482289131704,0
"tr_brz_prop",2017,"LAR5N57",0.630227551725467,0.802153922940659,0.445108440921487,0.420465435670384,0.102931613259681,0.146218760185627,0.440130566021066,"pxa",0.279482289131704,0
"tr_brz_prop",2017,"LAR5N58",0.517608051807303,0.976977628608854,0.494177381914193,0.363866820280019,0.0982751788620008,0.146218760185627,0.440130566021066,"pxa",0.279482289131704,0
"tr_brz_prop",2017,"LAR5N62",0.739770686406217,0.936458653621022,0.483593415160153,0.514443053841983,0.0992980239585709,0.146218760185627,0.440130566021066,"pxa",0.279482289131704,1
"tr_brz_prop",2017,"LAR5N63",0.463935485605508,0.747922601035009,0.427892288017866,0.303476328871649,0.104516202437544,0.146218760185627,0.440130566021066,"pxa",0.279482289131704,0
"tr_brz_prop",2017,"LAR5N64",NA,NA,NA,NA,NA,0.146218760185627,0.440130566021066,"pxa",0.279482289131704,1
"tr_brz_prop",2017,"LAR5N65",0.658537015351803,0.951104060557097,0.487469674111349,0.459784146451788,0.0989246458067167,0.146218760185627,0.440130566021066,"pxa",0.279482289131704,1
"tr_brz_prop",2017,"LAR5N66",NA,NA,NA,NA,NA,0.146218760185627,0.440130566021066,"pxa",0.279482289131704,1
"tr_brz_prop",2017,"LAR5N67",0.813166405838322,0.951832846729513,0.487661045526722,0.567856316710007,0.0989061755660011,0.146218760185627,0.440130566021066,"pxa",0.279482289131704,1
"tr_brz_prop",2017,"LAR5N68",0.879671856966824,0.893311084334159,0.471824779205959,0.604242224639442,0.100423124966528,0.146218760185627,0.440130566021066,"pxa",0.279482289131704,1
"tr_brz_prop",2017,"LAR5N69",0.591097095286497,0.754633135050634,0.430080294265535,0.387644473946627,0.104316151673557,0.146218760185627,0.440130566021066,"pxa",0.279482289131704,1
"tr_brz_prop",2017,"LAR5N70",NA,NA,NA,NA,NA,0.146218760185627,0.440130566021066,"pxa",0.279482289131704,1
"tr_brz_prop",2017,"LAR5N72",0.619613089859091,0.825813519945109,0.452298940129404,0.416709468907046,0.10226252480867,0.146218760185627,0.440130566021066,"pxa",0.279482289131704,1
"tr_brz_prop",2017,"LAR5N73",0.855948300710061,0.934082384311481,0.482958943160018,0.59484339045165,0.099359005439188,0.146218760185627,0.440130566021066,"pxa",0.279482289131704,1
"tr_brz_prop",2017,"LAR5N74",0.523795943888789,0.92372662450837,0.480175619934791,0.36296285632355,0.0996260800217922,0.146218760185627,0.440130566021066,"pxa",0.279482289131704,0
"tr_brz_prop",2017,"LAR5N75",0.230256501315196,0.793116466110642,0.442311741094515,0.153135589706668,0.103190679207575,0.146218760185627,0.440130566021066,"pxa",0.279482289131704,0
"tr_brz_prop",2017,"LAR5N76",0.717480106422262,0.818927510006006,0.450225479300878,0.481420853429585,0.102455912272805,0.146218760185627,0.440130566021066,"pxa",0.279482289131704,1
"tr_brz_prop",2017,"LAR5N77",NA,NA,NA,NA,NA,0.146218760185627,0.440130566021066,"pxa",0.279482289131704,1
"tr_brz_prop",2017,"LAR5N78",0.30392856054451,0.940064432711638,0.484553201873664,0.2115642326043,0.0992057040199775,0.146218760185627,0.440130566021066,"pxa",0.279482289131704,0
"tr_brz_prop",2017,"LAR5N8",0.550348059235233,0.76665595437224,0.433958831924726,0.3625448206034,0.103960588575607,0.146218760185627,0.440130566021066,"pxa",0.279482289131704,0
"tr_brz_prop",2017,"LAR5N80",0.608204858609717,0.839140892067984,0.456267867071581,0.410827803305555,0.101891327373806,0.146218760185627,0.440130566021066,"pxa",0.279482289131704,1
"tr_brz_prop",2017,"LAR5N86",0.726271391423081,0.956080807539496,0.488773676350378,0.507753401327869,0.0987987214387086,0.146218760185627,0.440130566021066,"pxa",0.279482289131704,1
"tr_brz_prop",2017,"LAR5N88",0.538106816751838,0.798543774327755,0.443994628168685,0.358556294975328,0.103034866830487,0.146218760185627,0.440130566021066,"pxa",0.279482289131704,1
"tr_brz_prop",2017,"LAR5N89",0.438562508813985,0.988220491981669,0.497037675633604,0.309190511282818,0.0979969248109472,0.146218760185627,0.440130566021066,"pxa",0.279482289131704,0
"tr_brz_prop",2017,"LAR5N9",0.648810772216836,0.889733645674713,0.470824895196826,0.44519241978101,0.10051813510308,0.146218760185627,0.440130566021066,"pxa",0.279482289131704,1
"tr_brz_prop",2017,"LAR5N96",NA,NA,NA,NA,NA,0.146218760185627,0.440130566021066,"pxa",0.279482289131704,1
"tr_brz_prop",2017,"LAR5N97",NA,NA,NA,NA,NA,0.146218760185627,0.440130566021066,"pxa",0.279482289131704,1
"tr_brz_prop",2017,"LAR5N99",NA,NA,NA,NA,NA,0.146218760185627,0.440130566021066,"pxa",0.279482289131704,1
"tr_brz_prop",2017,"LAR6N10",0.904627683972868,0.898487431633674,0.473264882696913,0.622331830080873,0.100286126485278,0.146218760185627,0.440130566021066,"pxa",0.279482289131704,1
"tr_brz_prop",2017,"LAR6N12",NA,NA,NA,NA,NA,0.146218760185627,0.440130566021066,"pxa",0.279482289131704,1
"tr_brz_prop",2017,"LAR6N13",0.433364505618285,0.645292911290094,0.392205489285256,0.271400205245152,0.107726638186281,0.146218760185627,0.440130566021066,"pxa",0.279482289131704,0
"tr_brz_prop",2017,"LAR6N14",0.376856468409533,0.702464728493092,0.412616318409643,0.242074572639203,0.105902365005152,0.146218760185627,0.440130566021066,"pxa",0.279482289131704,0
"tr_brz_prop",2017,"LAR6N17",0.840178835696176,0.645440105531697,0.392259860059223,0.526209484818152,0.107721819689579,0.146218760185627,0.440130566021066,"pxa",0.279482289131704,1
"tr_brz_prop",2017,"LAR6N2",0.655092711930801,0.832685065585017,0.454352513272221,0.441569669723126,0.102070631083421,0.146218760185627,0.440130566021066,"pxa",0.279482289131704,1
"tr_brz_prop",2017,"LAR6N22",NA,NA,NA,NA,NA,0.146218760185627,0.440130566021066,"pxa",0.279482289131704,1
"tr_brz_prop",2017,"LAR6N25",NA,NA,NA,NA,NA,0.146218760185627,0.440130566021066,"pxa",0.279482289131704,0
"tr_brz_prop",2017,"LAR6N27",0.493168303423439,0.698642684138406,0.411294671129011,0.316279976227648,0.106021441286038,0.146218760185627,0.440130566021066,"pxa",0.279482289131704,0
"tr_brz_prop",2017,"LAR6N28",NA,NA,NA,NA,NA,0.146218760185627,0.440130566021066,"pxa",0.279482289131704,1
"tr_brz_prop",2017,"LAR6N3",0.660527189303286,0.744704847160605,0.426837151494457,0.431540743702722,0.104612537498462,0.146218760185627,0.440130566021066,"pxa",0.279482289131704,1
"tr_brz_prop",2017,"LAR6N30",NA,NA,NA,NA,NA,0.146218760185627,0.440130566021066,"pxa",0.279482289131704,1
"tr_brz_prop",2017,"LAR6N31",0.548544451794648,0.680504960173343,0.404940762628365,0.349066020590036,0.106592051544336,0.146218760185627,0.440130566021066,"pxa",0.279482289131704,0
"tr_brz_prop",2017,"LAR6N38",NA,NA,NA,NA,NA,0.146218760185627,0.440130566021066,"pxa",0.279482289131704,1
"tr_brz_prop",2017,"LAR6N39",0.446695764469346,0.830938922044799,0.453832136091576,0.30092582315776,0.102119291226393,0.146218760185627,0.440130566021066,"pxa",0.279482289131704,0
"tr_brz_prop",2017,"LAR6N4",0.724189299102625,0.901074917950094,0.473981803369281,0.498577800927325,0.10021785528433,0.146218760185627,0.440130566021066,"pxa",0.279482289131704,1
"tr_brz_prop",2017,"LAR6N40",0.394524044698705,0.742892389324444,0.426241111542402,0.257573479477419,0.104666917374896,0.146218760185627,0.440130566021066,"pxa",0.279482289131704,0
"tr_brz_prop",2017,"LAR6N43",0.626937837625409,0.897355427220728,0.472950620820257,0.431153962261744,0.100316038490265,0.146218760185627,0.440130566021066,"pxa",0.279482289131704,0
"tr_brz_prop",2017,"LAR6N44",0.611443747102071,0.73923110102201,0.425033280849004,0.398628161621914,0.104777027610771,0.146218760185627,0.440130566021066,"pxa",0.279482289131704,1
"tr_brz_prop",2017,"LAR6N45",NA,NA,NA,NA,NA,0.146218760185627,0.440130566021066,"pxa",0.279482289131704,1
"tr_brz_prop",2017,"LAR6N46",0.594053069212563,0.910290483777966,0.476519404513649,0.410077120432714,0.0999758290577161,0.146218760185627,0.440130566021066,"pxa",0.279482289131704,1
"tr_brz_prop",2017,"LAR6N47",0.630604169736335,0.91519388932736,0.477859654015911,0.435920226208459,0.0998477646839877,0.146218760185627,0.440130566021066,"pxa",0.279482289131704,1
"tr_brz_prop",2017,"LAR6N49",NA,NA,NA,NA,NA,0.146218760185627,0.440130566021066,"pxa",0.279482289131704,1
"tr_brz_prop",2017,"LAR6N5",0.431569166283831,0.908263619233886,0.475963388956987,0.297739999124394,0.10002890969128,0.146218760185627,0.440130566021066,"pxa",0.279482289131704,0
"tr_brz_prop",2017,"LAR6N50",NA,NA,NA,NA,NA,0.146218760185627,0.440130566021066,"pxa",0.279482289131704,1
"tr_brz_prop",2017,"LAR6N51",0.763141443830155,0.839043979539676,0.456239213892913,0.515467566594734,0.101894012033926,0.146218760185627,0.440130566021066,"pxa",0.279482289131704,1
"tr_brz_prop",2017,"LAR6N52",0.453088969849851,0.880662696126389,0.468272539217317,0.310050784716792,0.100760256701667,0.146218760185627,0.440130566021066,"pxa",0.279482289131704,0
"tr_brz_prop",2017,"LAR6N54",NA,NA,NA,NA,NA,0.146218760185627,0.440130566021066,"pxa",0.279482289131704,1
"tr_brz_prop",2017,"LAR6N55",0.653162468297085,0.624553306569108,0.384446176092615,0.4049850525901,0.108412095036214,0.146218760185627,0.440130566021066,"pxa",0.279482289131704,1
"tr_brz_prop",2017,"LAR6N57",0.557411105683859,0.816948477472598,0.449626661185784,0.373767593963647,0.102511694922485,0.146218760185627,0.440130566021066,"pxa",0.279482289131704,1
"tr_brz_prop",2017,"LAR6N60",0.531797157716722,0.804110470580829,0.445710217690798,0.35503593049721,0.102875783741567,0.146218760185627,0.440130566021066,"pxa",0.279482289131704,1
"tr_brz_prop",2017,"LAR6N64",0.642553601769513,0.990187802414215,0.497534856365344,0.453232577240463,0.0979484776142996,0.146218760185627,0.440130566021066,"pxa",0.279482289131704,1
"tr_brz_prop",2017,"LAR6N65",0.478544254229642,0.832360832168749,0.454255961793061,0.322531713645628,0.102079661304148,0.146218760185627,0.440130566021066,"pxa",0.279482289131704,0
"tr_brz_prop",2017,"LAR6N66",0.560499138288351,1.0008391199117,0.500209691999559,0.396415840626278,0.0976874190196079,0.146218760185627,0.440130566021066,"pxa",0.279482289131704,0
"tr_brz_prop",2017,"LAR6N74",0.431453964202188,0.960623039432976,0.489958049106061,0.302004846179453,0.0986842101548648,0.146218760185627,0.440130566021066,"pxa",0.279482289131704,0
"tr_brz_prop",2017,"LAR6N75",0.366047604007419,0.860576841268496,0.462532276109476,0.248947970644659,0.101302675321303,0.146218760185627,0.440130566021066,"pxa",0.279482289131704,0
"tr_brz_prop",2017,"LAR6N8",0.621444775720868,1.02478723374144,0.50612094775401,0.442109347945346,0.0971080030721694,0.146218760185627,0.440130566021066,"pxa",0.279482289131704,1
"tr_brz_prop",2017,"LAR6N9",0.503591545803769,0.837946955492092,0.455914656833902,0.340032327163198,0.101924416476899,0.146218760185627,0.440130566021066,"pxa",0.279482289131704,0
