"Df","Sum of Sq","Wald statistic","Pr(Chisq)","Effect","FDR_BH"
1,7367.66555153988,7367.66555153988,0,"(Intercept)",NA
3,193.753231347354,193.753231347354,0,"pop",NA
1,0.446083397408263,0.446083397408263,0.504200778694283,"co_loc_PCR",NA
1,12.71019159862,12.71019159862,0.000363668165792808,"AX.635454557",0.00965837608035678
1,1.21956721606448,1.21956721606448,0.26944560275524,"AX.635453671",0.635700765254416
1,14.6759859180351,14.6759859180351,0.000127662447606758,"AX.115207435",0.00577034263182545
1,16.2218960667366,16.2218960667366,0.000056339160738994,"AX.635451359",0.00318316258175316
1,7.49875361695072,7.49875361695072,0.00617417081688409,"AX.115204386",0.0930241736410537
1,42.5678424622063,42.5678424622063,0.0000000000682726097878117,"AX.115371242",0.0000000308592196240909
1,11.997409876723,11.997409876723,0.000532745413061697,"AX.115320981",0.0126737329844151
1,2.92393486526878,2.92393486526878,0.0872748023229584,"AX.115353901",0.443238321909856
1,23.9227739424653,23.9227739424653,0.00000100278441927948,"AX.115466992",0.000113314639378581
1,12.862754764843,12.862754764843,0.00033518680785205,"AX.115221723",0.00946902732182042
1,7.0311541162517,7.0311541162517,0.00801037120825854,"AX.115380785",0.112923391078736
1,13.8387635072942,13.8387635072942,0.000199184241869821,"AX.115651891",0.00692548287116608
1,6.06532906366657,6.06532906366657,0.0137861065880364,"AX.115483353",0.151983418970547
1,23.0333653108609,23.0333653108609,0.0000015921412052089,"AX.115519098",0.000143929564950884
1,6.93660240028825,6.93660240028825,0.00844493723196837,"AX.115421795",0.112923391078736
1,1.37742894600003,1.37742894600003,0.240539577242762,"AX.115276891",0.607670882801154
1,4.67878367719935,4.67878367719935,0.030537363049792,"AX.115413644",0.243194240952869
1,12.6054404556607,12.6054404556607,0.000384625596120403,"AX.115306042",0.00965837608035678
1,30.8291958097497,30.8291958097497,0.0000000281766645571224,"AX.115462070",0.00000636792618990967
1,5.12135253251054,5.12135253251054,0.023633189707449,"AX.115641815",0.20971755557485
1,2.55854428195008,2.55854428195008,0.109699552906044,"AX.115361682",0.490789371559533
1,15.9475171118616,15.9475171118616,0.0000651231428488996,"AX.115304152",0.00327062895196696
1,17.8799064344034,17.8799064344034,0.0000235292324117786,"AX.105189481",0.00175869883795064
1,26.856934999196,26.856934999196,0.000000219086760622211,"AX.635445376",0.0000330090719337465
1,13.0689733600945,13.0689733600945,0.000300227645252615,"AX.115398446",0.00904685971027881
1,6.41397420125895,6.41397420125895,0.011322571670173,"AX.115503933",0.138318983646438
1,14.1144512393934,14.1144512393934,0.000172017150596337,"AX.635448882",0.00692548287116608
1,4.47889426421557,4.47889426421557,0.0343159157552396,"AX.115521876",0.25017409550594
1,10.385482610711,10.385482610711,0.00127009985074711,"AX.115190769",0.0249602231538127
1,0.486565670443277,0.486565670443277,0.485463292992933,"AX.115191530",0.749381546890993
1,0.0476438162329907,0.0476438162329907,0.827215136419598,"co_loc_PCR:AX.635454557",0.944195054701157
1,9.00891034128654,9.00891034128654,0.0026866654944423,"co_loc_PCR:AX.635453671",0.0449767704995525
1,0.0545181257584773,0.0545181257584773,0.815380026592059,"co_loc_PCR:AX.115207435",0.937790768497737
1,13.8527841353232,13.8527841353232,0.000197703605665622,"co_loc_PCR:AX.635451359",0.00692548287116608
1,0.0163846041700708,0.0163846041700708,0.898147105382768,"co_loc_PCR:AX.115204386",0.966577361030979
1,4.83938591914398,4.83938591914398,0.0278167988016206,"co_loc_PCR:AX.115371242",0.232836908487639
1,0.000712685066901031,0.000712685066901031,0.978702074302667,"co_loc_PCR:AX.115320981",0.991539343657733
1,0.93937715344714,0.93937715344714,0.332438073337052,"co_loc_PCR:AX.115353901",0.662713089113004
1,0.0392565047341122,0.0392565047341122,0.842941363609681,"co_loc_PCR:AX.115466992",0.947071768515883
1,1.4795653344429,1.4795653344429,0.223842542142289,"co_loc_PCR:AX.115221723",0.60684079472202
1,1.5895000639573,1.5895000639573,0.207397575269723,"co_loc_PCR:AX.115380785",0.585898150136967
1,0.665868760728927,0.665868760728927,0.414495663699135,"co_loc_PCR:AX.115651891",0.725334034936448
1,4.03685018779129,4.03685018779129,0.0445168366137638,"co_loc_PCR:AX.115483353",0.309513487420125
1,0.047700726298217,0.047700726298217,0.827113601753453,"co_loc_PCR:AX.115519098",0.944195054701157
1,1.64732020973884,1.64732020973884,0.199324057648302,"co_loc_PCR:AX.115421795",0.583273533667135
1,5.85425076604815,5.85425076604815,0.0155394719994656,"co_loc_PCR:AX.115276891",0.166526064020003
1,2.54343856263472,2.54343856263472,0.11075335375901,"co_loc_PCR:AX.115413644",0.490789371559533
1,0.306032160310906,0.306032160310906,0.580125278621117,"co_loc_PCR:AX.115306042",0.811816179370727
1,1.69995243244398,1.69995243244398,0.19229419802751,"co_loc_PCR:AX.115462070",0.571822220450226
1,0.276024067690287,0.276024067690287,0.599319104751256,"co_loc_PCR:AX.115641815",0.827347942806909
1,0.963893137264222,0.963893137264222,0.326207949910503,"co_loc_PCR:AX.115361682",0.662713089113004
1,0.0108071152405955,0.0108071152405955,0.917203253584138,"co_loc_PCR:AX.115304152",0.973182794882701
1,6.09575535753288,6.09575535753288,0.0135506987556815,"co_loc_PCR:AX.105189481",0.151983418970547
1,2.02037357195286,2.02037357195286,0.155200954970959,"co_loc_PCR:AX.635445376",0.526622221454124
1,0.00223066294165619,0.00223066294165619,0.962330001674739,"co_loc_PCR:AX.115398446",0.991224925909046
1,0.0559305652700459,0.0559305652700459,0.813047470827916,"co_loc_PCR:AX.115503933",0.937493512281168
1,0.00225820931586895,0.00225820931586895,0.962098296593616,"co_loc_PCR:AX.635448882",0.991224925909046
1,0.0432573978509936,0.0432573978509936,0.835241359732316,"co_loc_PCR:AX.115521876",0.947071768515883
1,1.06990680730223,1.06990680730223,0.300966496771373,"co_loc_PCR:AX.115190769",0.662713089113004
1,2.96119728884878,2.96119728884878,0.0852847675079211,"co_loc_PCR:AX.115191530",0.438053578563413
1,0.0297046083735495,0.0297046083735495,0.863162182253582,"AX.635454557:AX.635453671",0.953910284544301
1,2.04572144920849,2.04572144920849,0.15263460952,"AX.635454557:AX.115207435",0.526622221454124
1,0.200170047843812,0.200170047843812,0.654583623304794,"AX.635454557:AX.635451359",0.8516320985102
1,1.21033625132873,1.21033625132873,0.271265538403118,"AX.635454557:AX.115204386",0.635700765254416
1,3.90782862023048,3.90782862023048,0.0480616567483996,"AX.635454557:AX.115371242",0.321229037841222
1,0.17137883273017,0.17137883273017,0.678889291509069,"AX.635454557:AX.115320981",0.866172384239424
1,17.6015597697424,17.6015597697424,0.0000272364864284391,"AX.635454557:AX.115353901",0.00175869883795064
1,0.0219645221316114,0.0219645221316114,0.882181518169976,"AX.635454557:AX.115466992",0.960640888161316
1,0.210102964367024,0.210102964367024,0.646686713571984,"AX.635454557:AX.115221723",0.847253317491411
1,2.64096410094135,2.64096410094135,0.104140329288986,"AX.635454557:AX.115651891",0.476146469290182
1,0.136371100493534,0.136371100493534,0.711915618485533,"AX.635454557:AX.115483353",0.881355020473625
1,1.89708029661415,1.89708029661415,0.168405491135866,"AX.635454557:AX.115519098",0.538453287026209
1,1.51151740880596,1.51151740880596,0.218907689189961,"AX.635454557:AX.115421795",0.599674397053711
1,0.0767756983800609,0.0767756983800609,0.781715391960127,"AX.635454557:AX.115276891",0.91802838280159
1,10.0565754132215,10.0565754132215,0.00151805147111428,"AX.635454557:AX.115413644",0.0285899693726523
1,5.08139952086526,5.08139952086526,0.0241838415220732,"AX.635454557:AX.115306042",0.20971755557485
1,1.03471641656097,1.03471641656097,0.30905348553519,"AX.635454557:AX.115462070",0.662713089113004
1,0.228207001025112,0.228207001025112,0.632856508933134,"AX.635454557:AX.115641815",0.842933476456359
1,2.42914691674105,2.42914691674105,0.119097696412384,"AX.635454557:AX.115361682",0.51417911996585
1,9.7509673453244,9.7509673453244,0.00179228376916529,"AX.635454557:AX.115304152",0.0324044905465085
1,2.38429981701984,2.38429981701984,0.122559794551829,"AX.635454557:AX.635445376",0.51417911996585
1,0.439504320758715,0.439504320758715,0.507361795676533,"AX.635454557:AX.115398446",0.765534634385814
1,0.112657333462721,0.112657333462721,0.737138846788406,"AX.635454557:AX.115503933",0.898153952399721
1,1.33749738956385,1.33749738956385,0.247475791212901,"AX.635454557:AX.635448882",0.618005843249897
1,3.68130224348874,3.68130224348874,0.0550258572237139,"AX.635454557:AX.115521876",0.340708047467379
1,0.87426104803626,0.87426104803626,0.34977836515257,"AX.635454557:AX.115190769",0.681395051535286
1,3.89859549859466,3.89859549859466,0.0483264924185909,"AX.635454557:AX.115191530",0.321229037841222
1,0.00959292671586809,0.00959292671586809,0.921977168051606,"AX.635453671:AX.115207435",0.975957095923479
1,7.09262245149716,7.09262245149716,0.00774019039742413,"AX.635453671:AX.635451359",0.112856969665668
1,0.633449554844674,0.633449554844674,0.426092810658854,"AX.635453671:AX.115204386",0.72701853637249
1,0.411904559168534,0.411904559168534,0.521004405896101,"AX.635453671:AX.115371242",0.777207892623887
1,2.12077334798596,2.12077334798596,0.145313153376175,"AX.635453671:AX.115320981",0.525452362608249
1,0.534155490463036,0.534155490463036,0.464865025362584,"AX.635453671:AX.115353901",0.744290890987108
1,0.760690041032149,0.760690041032149,0.383112662324223,"AX.635453671:AX.115466992",0.703539339941771
1,0.00320448391721584,0.00320448391721584,0.95485733325506,"AX.635453671:AX.115221723",0.991224925909046
1,0.336685785234977,0.336685785234977,0.561748525193407,"AX.635453671:AX.115380785",0.807988976959909
1,1.45625391613703,1.45625391613703,0.227527103642767,"AX.635453671:AX.115651891",0.60684079472202
1,1.00146258900622,1.00146258900622,0.316956862760147,"AX.635453671:AX.115483353",0.662713089113004
1,0.0821272014513852,0.0821272014513852,0.774435125783537,"AX.635453671:AX.115519098",0.91802838280159
1,0.158697941672017,0.158697941672017,0.690358129991032,"AX.635453671:AX.115421795",0.866782985433185
1,2.34396443100127,2.34396443100127,0.125769115720301,"AX.635453671:AX.115413644",0.514287090278953
1,2.14972212850853,2.14972212850853,0.14259569509183,"AX.635453671:AX.115306042",0.525452362608249
1,1.76134349992458,1.76134349992458,0.184457027688886,"AX.635453671:AX.115462070",0.565982459756192
1,0.373696729525818,0.373696729525818,0.540996097128542,"AX.635453671:AX.115641815",0.791333034656618
1,0.803507159678929,0.803507159678929,0.370046850738912,"AX.635453671:AX.115361682",0.691161886504083
1,0.00155038315278944,0.00155038315278944,0.968591487207067,"AX.635453671:AX.115304152",0.991224925909046
1,0.513132031960822,0.513132031960822,0.473786157654165,"AX.635453671:AX.105189481",0.749381546890993
1,0.999172694293065,0.999172694293065,0.317510774465074,"AX.635453671:AX.635445376",0.662713089113004
1,3.34961549418472,3.34961549418472,0.0672207134829843,"AX.635453671:AX.115398446",0.379797031178861
1,0.141271408132525,0.141271408132525,0.707020317900148,"AX.635453671:AX.115503933",0.880366897220019
1,0.00839234597697214,0.00839234597697214,0.927008106028133,"AX.635453671:AX.635448882",0.978989868982982
1,1.59302576875734,1.59302576875734,0.206894368026901,"AX.635453671:AX.115521876",0.585898150136967
1,0.383577936669326,0.383577936669326,0.535694578162473,"AX.635453671:AX.115190769",0.788709932669178
1,3.72177842836345,3.72177842836345,0.0537071385338882,"AX.635453671:AX.115191530",0.337161480796076
1,0.48519417049647,0.48519417049647,0.486078943232156,"AX.115207435:AX.635451359",0.749381546890993
1,1.1824275068177,1.1824275068177,0.276862356970812,"AX.115207435:AX.115204386",0.644006574170799
1,1.44261180170065,1.44261180170065,0.229717161370064,"AX.115207435:AX.115371242",0.60684079472202
1,2.31442517256846,2.31442517256846,0.128178677373728,"AX.115207435:AX.115320981",0.514287090278953
1,5.28123615543905,5.28123615543905,0.0215564381611981,"AX.115207435:AX.115353901",0.202989792684616
1,0.0335226211775534,0.0335226211775534,0.854725959781608,"AX.115207435:AX.115466992",0.951566832072135
1,0.52538852985731,0.52538852985731,0.468552096043769,"AX.115207435:AX.115221723",0.745723758492195
1,0.854394821104734,0.854394821104734,0.355312029898255,"AX.115207435:AX.115380785",0.681395051535286
1,2.72098885697483,2.72098885697483,0.0990366432097196,"AX.115207435:AX.115651891",0.461490337430858
1,0.0644005512324384,0.0644005512324384,0.799671214158234,"AX.115207435:AX.115483353",0.926798432819287
1,0.651902147773626,0.651902147773626,0.419433431973369,"AX.115207435:AX.115519098",0.726876683262364
1,2.21384613898476,2.21384613898476,0.136777291721202,"AX.115207435:AX.115421795",0.525452362608249
1,0.000596743427649926,0.000596743427649926,0.980510949016195,"AX.115207435:AX.115276891",0.991539343657733
1,0.0133764204765612,0.0133764204765612,0.907924801683825,"AX.115207435:AX.115413644",0.968105596687146
1,0.191577560047563,0.191577560047563,0.661606858642831,"AX.115207435:AX.115306042",0.854418000304456
1,1.7680960692162,1.7680960692162,0.183617881078994,"AX.115207435:AX.115462070",0.565982459756192
1,1.95720479419447,1.95720479419447,0.161812576424765,"AX.115207435:AX.115641815",0.528143117543246
1,0.628660188632011,0.628660188632011,0.427847191759032,"AX.115207435:AX.115361682",0.72701853637249
1,0.500764409502608,0.500764409502608,0.479164439730492,"AX.115207435:AX.115304152",0.749381546890993
1,0.0133153038082128,0.0133153038082128,0.908134453529535,"AX.115207435:AX.115398446",0.968105596687146
1,0.500238744579292,0.500238744579292,0.47939523867781,"AX.115207435:AX.115503933",0.749381546890993
1,0.0166851194012452,0.0166851194012452,0.897222427855173,"AX.115207435:AX.635448882",0.966577361030979
1,6.87586632628768,6.87586632628768,0.00873673969834421,"AX.115207435:AX.115521876",0.112923391078736
1,1.02723306316352,1.02723306316352,0.310809428672797,"AX.115207435:AX.115190769",0.662713089113004
1,0.0400794981342187,0.0400794981342187,0.84132522553978,"AX.115207435:AX.115191530",0.947071768515883
1,1.02943129972527,1.02943129972527,0.310292276433481,"AX.635451359:AX.115204386",0.662713089113004
1,0.723538851970261,0.723538851970261,0.394985549232562,"AX.635451359:AX.115371242",0.703539339941771
1,0.0049201951728719,0.0049201951728719,0.94407896408183,"AX.635451359:AX.115320981",0.991223523531316
1,2.98031310446709,2.98031310446709,0.0842829664190224,"AX.635451359:AX.115353901",0.437883917487335
1,2.30966481304722,2.30966481304722,0.128571772569738,"AX.635451359:AX.115466992",0.514287090278953
1,0.189088476906363,0.189088476906363,0.663676355424646,"AX.635451359:AX.115221723",0.854648753994132
1,2.09702756260776,2.09702756260776,0.147585807467598,"AX.635451359:AX.115380785",0.526622221454124
1,2.85829436379049,2.85829436379049,0.090903841964772,"AX.635451359:AX.115651891",0.44661452791388
1,0.246174096391087,0.246174096391087,0.619781991424357,"AX.635451359:AX.115483353",0.841265646017446
1,0.47853310083724,0.47853310083724,0.489087514010714,"AX.635451359:AX.115519098",0.749381546890993
1,1.0403591004665,1.0403591004665,0.307737969354001,"AX.635451359:AX.115421795",0.662713089113004
1,0.161442185949454,0.161442185949454,0.687832187549244,"AX.635451359:AX.115276891",0.866782985433185
1,0.000593071642242649,0.000593071642242649,0.980570988086298,"AX.635451359:AX.115413644",0.991539343657733
1,0.96560160213653,0.96560160213653,0.325779581761675,"AX.635451359:AX.115306042",0.662713089113004
1,7.96697760118741,7.96697760118741,0.00476384152507858,"AX.635451359:AX.115462070",0.0742502196322593
1,0.826418542493457,0.826418542493457,0.363310193407088,"AX.635451359:AX.115641815",0.681395051535286
1,3.20858625189567,3.20858625189567,0.0732527519965447,"AX.635451359:AX.115361682",0.398918601234195
1,1.70265667211834,1.70265667211834,0.191940908527098,"AX.635451359:AX.115304152",0.571822220450226
1,1.78578982442059,1.78578982442059,0.181439973550741,"AX.635451359:AX.105189481",0.565982459756192
1,4.01136872337747,4.01136872337747,0.0451944472781598,"AX.635451359:AX.635445376",0.309513487420125
1,0.567961670420573,0.567961670420573,0.451070032990103,"AX.635451359:AX.115398446",0.733394442127793
1,3.47734176248355,3.47734176248355,0.0622146047565565,"AX.635451359:AX.115503933",0.370013175657415
1,0.951191754638785,0.951191754638785,0.32941613185072,"AX.635451359:AX.635448882",0.662713089113004
1,0.0487914294305938,0.0487914294305938,0.825179780709892,"AX.635451359:AX.115521876",0.944195054701157
1,0.349705832486734,0.349705832486734,0.554279698403669,"AX.635451359:AX.115190769",0.800429468621273
1,0.947344256998122,0.947344256998122,0.330396216323466,"AX.635451359:AX.115191530",0.662713089113004
1,2.09183933235727,2.09183933235727,0.148087682859595,"AX.115204386:AX.115371242",0.526622221454124
1,0.678946331005591,0.678946331005591,0.409949787495934,"AX.115204386:AX.115320981",0.721001182677674
1,0.0208356408550117,0.0208356408550117,0.885227602861137,"AX.115204386:AX.115353901",0.960640888161316
1,1.58959879441841,1.58959879441841,0.20738346426492,"AX.115204386:AX.115466992",0.585898150136967
1,1.2094624870158,1.2094624870158,0.271438601093147,"AX.115204386:AX.115221723",0.635700765254416
1,2.78993093417694,2.78993093417694,0.0948583157327112,"AX.115204386:AX.115651891",0.451325881170373
1,0.169799277722859,0.169799277722859,0.680290257533176,"AX.115204386:AX.115483353",0.866172384239424
1,0.00144287769649054,0.00144287769649054,0.969699458299711,"AX.115204386:AX.115519098",0.991224925909046
1,0.0671934460197008,0.0671934460197008,0.795467825694617,"AX.115204386:AX.115421795",0.924296805177292
1,1.16009655225025,1.16009655225025,0.281445517247791,"AX.115204386:AX.115276891",0.648498204269763
1,0.228684597979054,0.228684597979054,0.632500899133933,"AX.115204386:AX.115413644",0.842933476456359
1,0.765493917162985,0.765493917162985,0.381614665060803,"AX.115204386:AX.115306042",0.703539339941771
1,2.072291789377,2.072291789377,0.149995974885689,"AX.115204386:AX.115462070",0.526622221454124
1,3.10887541324519,3.10887541324519,0.0778667077002324,"AX.115204386:AX.115641815",0.414067669182412
1,1.64225490588433,1.64225490588433,0.200016366633641,"AX.115204386:AX.115361682",0.583273533667135
1,0.178071328405622,0.178071328405622,0.673035976363212,"AX.115204386:AX.115304152",0.861791108544396
1,0.155748029791994,0.155748029791994,0.693101762053567,"AX.115204386:AX.115398446",0.867817164676488
1,1.61701600326728,1.61701600326728,0.20350836580956,"AX.115204386:AX.115503933",0.585898150136967
1,1.1445529051673,1.1445529051673,0.284692327255514,"AX.115204386:AX.635448882",0.649673908262137
1,0.330969304250857,0.330969304250857,0.565088883296522,"AX.115204386:AX.115521876",0.807988976959909
1,2.36612467221448,2.36612467221448,0.12399452229265,"AX.115204386:AX.115190769",0.51417911996585
1,0.0309108383301009,0.0309108383301009,0.860439454478346,"AX.115204386:AX.115191530",0.953910284544301
1,1.4373404916023,1.4373404916023,0.230570191983118,"AX.115371242:AX.115320981",0.60684079472202
1,0.612988731143787,0.612988731143787,0.433664714175685,"AX.115371242:AX.115353901",0.731404667191827
1,0.0247361628116778,0.0247361628116778,0.875026275211013,"AX.115371242:AX.115466992",0.960640888161316
1,0.112601498796039,0.112601498796039,0.737201584823665,"AX.115371242:AX.115221723",0.898153952399721
1,0.314916368235345,0.314916368235345,0.57467885876115,"AX.115371242:AX.115651891",0.809730037557382
1,1.02818482040107,1.02818482040107,0.310585382748056,"AX.115371242:AX.115483353",0.662713089113004
1,0.764028932787141,0.764028932787141,0.382070612019695,"AX.115371242:AX.115519098",0.703539339941771
1,1.15434267954629,1.15434267954629,0.282641916462706,"AX.115371242:AX.115421795",0.648498204269763
1,5.38702094027485,5.38702094027485,0.0202870770788172,"AX.115371242:AX.115276891",0.195101251906922
1,0.20050963788367,0.20050963788367,0.654309795120964,"AX.115371242:AX.115413644",0.8516320985102
1,0.00215950296274059,0.00215950296274059,0.962935284062217,"AX.115371242:AX.115306042",0.991224925909046
1,0.762233565062843,0.762233565062843,0.382630436832171,"AX.115371242:AX.115462070",0.703539339941771
1,0.0227487888746509,0.0227487888746509,0.880112174054809,"AX.115371242:AX.115641815",0.960640888161316
1,1.98893094064397,1.98893094064397,0.158452703800356,"AX.115371242:AX.115361682",0.526622221454124
1,0.354169968704127,0.354169968704127,0.551762050888091,"AX.115371242:AX.115304152",0.799347586543004
1,0.630001871165405,0.630001871165405,0.427354627542995,"AX.115371242:AX.105189481",0.72701853637249
1,0.32829491054963,0.32829491054963,0.566664835611264,"AX.115371242:AX.635445376",0.807988976959909
1,0.0946921984491382,0.0946921984491382,0.758294657954917,"AX.115371242:AX.115398446",0.912107970787767
1,0.868918921905106,0.868918921905106,0.351254770680722,"AX.115371242:AX.115503933",0.681395051535286
1,3.50299628853509,3.50299628853509,0.0612579049763371,"AX.115371242:AX.635448882",0.369180973990725
1,2.73718011044821,2.73718011044821,0.0980376295780947,"AX.115371242:AX.115521876",0.461490337430858
1,0.0745103728352206,0.0745103728352206,0.784879442027599,"AX.115371242:AX.115190769",0.919081626415738
1,0.130413166992184,0.130413166992184,0.718004037340911,"AX.115371242:AX.115191530",0.881896263255684
1,0.484794084497707,0.484794084497707,0.486258780648816,"AX.115320981:AX.115353901",0.749381546890993
1,3.84636375148511,3.84636375148511,0.0498539633947037,"AX.115320981:AX.115466992",0.32657958629574
1,2.42308737451572,2.42308737451572,0.119559088074196,"AX.115320981:AX.115221723",0.51417911996585
1,1.74255065441389,1.74255065441389,0.186815966235893,"AX.115320981:AX.115651891",0.566716890863247
1,4.49657068297279,4.49657068297279,0.0339628997494152,"AX.115320981:AX.115483353",0.25017409550594
1,0.431026826044672,0.431026826044672,0.511485530054239,"AX.115320981:AX.115519098",0.765534634385814
1,0.929072145804639,0.929072145804639,0.33510414352193,"AX.115320981:AX.115421795",0.662713089113004
1,0.617353644290915,0.617353644290915,0.432032391541682,"AX.115320981:AX.115276891",0.731380677815881
1,0.324516349907753,0.324516349907753,0.568906041932986,"AX.115320981:AX.115413644",0.808633745137451
1,0.0766072295032245,0.0766072295032245,0.781948954377461,"AX.115320981:AX.115306042",0.91802838280159
1,0.94474298102682,0.94474298102682,0.331061045929253,"AX.115320981:AX.115462070",0.662713089113004
1,0.638174676147855,0.638174676147855,0.424372547256605,"AX.115320981:AX.115641815",0.72701853637249
1,0.531432717285952,0.531432717285952,0.466005137498565,"AX.115320981:AX.115361682",0.744290890987108
1,1.95530686164011,1.95530686164011,0.162016131767901,"AX.115320981:AX.115304152",0.528143117543246
1,1.25123889553493,1.25123889553493,0.263315986818966,"AX.115320981:AX.115398446",0.635700765254416
1,0.829618187438427,0.829618187438427,0.362382957316471,"AX.115320981:AX.115503933",0.681395051535286
1,0.0000170032881214865,0.0000170032881214865,0.996709928866694,"AX.115320981:AX.635448882",0.99891992870897
1,0.0145364785021229,0.0145364785021229,0.904033755320861,"AX.115320981:AX.115521876",0.968105596687146
1,5.49963438232271,5.49963438232271,0.0190204500991369,"AX.115320981:AX.115190769",0.191049854329108
1,0.100136997345999,0.100136997345999,0.751665293790896,"AX.115320981:AX.115191530",0.908547988764725
1,1.31600503510026,1.31600503510026,0.251310282452994,"AX.115353901:AX.115466992",0.624133228949193
1,0.85012014538097,0.85012014538097,0.356518351447683,"AX.115353901:AX.115221723",0.681395051535286
1,6.20927298109564,6.20927298109564,0.0127082811526703,"AX.115353901:AX.115651891",0.148557131017949
1,1.2407865699895,1.2407865699895,0.26531951644565,"AX.115353901:AX.115483353",0.635700765254416
1,3.29750330483216,3.29750330483216,0.0693852699706485,"AX.115353901:AX.115519098",0.382465146667477
1,9.13073450343018,9.13073450343018,0.00251350788451921,"AX.115353901:AX.115421795",0.0436963678385647
1,5.14377535815493,5.14377535815493,0.0233298602826968,"AX.115353901:AX.115276891",0.20971755557485
1,0.160742653424677,0.160742653424677,0.688473692387737,"AX.115353901:AX.115413644",0.866782985433185
1,0.292996859291634,0.292996859291634,0.588306441912513,"AX.115353901:AX.115306042",0.818198497675249
1,0.195369947311974,0.195369947311974,0.658484337576851,"AX.115353901:AX.115462070",0.852822122019303
1,0.219794266408599,0.219794266408599,0.63919672176144,"AX.115353901:AX.115641815",0.842933476456359
1,0.0000942918516102509,0.0000942918516102509,0.992252344197703,"AX.115353901:AX.115361682",0.998882092599915
1,1.94077738743272,1.94077738743272,0.163584151451448,"AX.115353901:AX.115304152",0.528143117543246
1,5.77989586351737,5.77989586351737,0.0162105018072569,"AX.115353901:AX.105189481",0.166526064020003
1,6.79340807690596,6.79340807690596,0.0091495072672575,"AX.115353901:AX.635445376",0.114877146800011
1,0.926572740327856,0.926572740327856,0.335755082758579,"AX.115353901:AX.115398446",0.662713089113004
1,0.443362279288749,0.443362279288749,0.505504074802924,"AX.115353901:AX.115503933",0.765534634385814
1,2.6387020053819,2.6387020053819,0.104288717831257,"AX.115353901:AX.635448882",0.476146469290182
1,0.0240773036448445,0.0240773036448445,0.876688378582046,"AX.115353901:AX.115521876",0.960640888161316
1,2.020565474779,2.020565474779,0.155181342789516,"AX.115353901:AX.115190769",0.526622221454124
1,1.38842326788995,1.38842326788995,0.238671552462576,"AX.115353901:AX.115191530",0.607670882801154
1,0.478979995938516,0.478979995938516,0.488884700142078,"AX.115466992:AX.115221723",0.749381546890993
1,2.18424731224604,2.18424731224604,0.139429211797826,"AX.115466992:AX.115651891",0.525452362608249
1,0.000319705297897599,0.000319705297897599,0.985734341037266,"AX.115466992:AX.115483353",0.994535540510813
1,3.03271093035755,3.03271093035755,0.0816015709137486,"AX.115466992:AX.115519098",0.428882675035051
1,5.80253503815311,5.80253503815311,0.016003085611703,"AX.115466992:AX.115421795",0.166526064020003
1,0.00223243716754951,0.00223243716754951,0.962315034800955,"AX.115466992:AX.115276891",0.991224925909046
1,1.21546010432985,1.21546010432985,0.270253451931664,"AX.115466992:AX.115413644",0.635700765254416
1,0.986290309509286,0.986290309509286,0.3206507486184,"AX.115466992:AX.115306042",0.662713089113004
1,2.83060559227783,2.83060559227783,0.0924834790867179,"AX.115466992:AX.115462070",0.449489597281683
1,2.36700729979452,2.36700729979452,0.123924419553973,"AX.115466992:AX.115641815",0.51417911996585
1,0.729519743044648,0.729519743044648,0.393038902758786,"AX.115466992:AX.115361682",0.703539339941771
1,2.88275510650942,2.88275510650942,0.0895327136146469,"AX.115466992:AX.115304152",0.445167338687204
1,0.0867703882013302,0.0867703882013302,0.768323804531039,"AX.115466992:AX.105189481",0.91802838280159
1,0.734006789928344,0.734006789928344,0.391587507009625,"AX.115466992:AX.635445376",0.703539339941771
1,0.493732158962757,0.493732158962757,0.482267180550059,"AX.115466992:AX.115398446",0.749381546890993
1,2.4086502402854,2.4086502402854,0.120666367802708,"AX.115466992:AX.115503933",0.51417911996585
1,2.24255616809819,2.24255616809819,0.134258872080423,"AX.115466992:AX.635448882",0.523146639485787
1,1.30185225362243,1.30185225362243,0.253875165190865,"AX.115466992:AX.115521876",0.62705778506159
1,0.00195068975494905,0.00195068975494905,0.964771594576925,"AX.115466992:AX.115190769",0.991224925909046
1,2.57984988714588,2.57984988714588,0.108231925687137,"AX.115466992:AX.115191530",0.489208304105858
1,0.49670840775093,0.49670840775093,0.480950000758164,"AX.115221723:AX.115380785",0.749381546890993
1,1.94450807920771,1.94450807920771,0.16317988878642,"AX.115221723:AX.115651891",0.528143117543246
1,0.220256790056737,0.220256790056737,0.638844326868764,"AX.115221723:AX.115483353",0.842933476456359
1,0.00062294463350554,0.00062294463350554,0.980087779283687,"AX.115221723:AX.115519098",0.991539343657733
1,1.13821889180144,1.13821889180144,0.286028999433994,"AX.115221723:AX.115421795",0.649673908262137
1,0.00472958848104099,0.00472958848104099,0.945171103190259,"AX.115221723:AX.115413644",0.991223523531316
1,0.437640492941227,0.437640492941227,0.508263492931106,"AX.115221723:AX.115306042",0.765534634385814
1,0.877847532222177,0.877847532222177,0.348791901421969,"AX.115221723:AX.115462070",0.681395051535286
1,4.11097107556407,4.11097107556407,0.0426058923354113,"AX.115221723:AX.115641815",0.300904114618843
1,0.314302961460953,0.314302961460953,0.575051641716637,"AX.115221723:AX.115361682",0.809730037557382
1,2.12764294103954,2.12764294103954,0.144663057875363,"AX.115221723:AX.115304152",0.525452362608249
1,1.00456500065252,1.00456500065252,0.316208426850042,"AX.115221723:AX.105189481",0.662713089113004
1,1.37932262833442,1.37932262833442,0.240216562055578,"AX.115221723:AX.635445376",0.607670882801154
1,0.334327282570712,0.334327282570712,0.563122068868813,"AX.115221723:AX.115398446",0.807988976959909
1,1.0114217179314,1.0114217179314,0.314562480182943,"AX.115221723:AX.115503933",0.662713089113004
1,0.839226651515446,0.839226651515446,0.359618042558362,"AX.115221723:AX.635448882",0.681395051535286
1,0.179205696413646,0.179205696413646,0.672056742897967,"AX.115221723:AX.115521876",0.861791108544396
1,10.8179941917624,10.8179941917624,0.00100518329617816,"AX.115221723:AX.115190769",0.0209151150995148
1,1.2765354443884,1.2765354443884,0.258544205970472,"AX.115221723:AX.115191530",0.63460934176539
1,0.593689310552918,0.593689310552918,0.440996020817047,"AX.115651891:AX.115483353",0.732171400552453
1,1.70549212397464,1.70549212397464,0.191571290512051,"AX.115651891:AX.115519098",0.571822220450226
1,0.317497095135423,0.317497095135423,0.573115695770351,"AX.115651891:AX.115421795",0.809730037557382
1,1.27013929877262,1.27013929877262,0.259740549173887,"AX.115651891:AX.115276891",0.63460934176539
1,0.535576631524918,0.535576631524918,0.464271717391946,"AX.115651891:AX.115413644",0.744290890987108
1,0.0000381111817659985,0.0000381111817659985,0.99507435043459,"AX.115651891:AX.115306042",0.99891992870897
1,0.751768520352698,0.751768520352698,0.385916883776142,"AX.115651891:AX.115462070",0.703539339941771
1,2.16620548087531,2.16620548087531,0.141073953872785,"AX.115651891:AX.115641815",0.525452362608249
1,1.45085061248255,1.45085061248255,0.228391513582383,"AX.115651891:AX.115361682",0.60684079472202
1,2.15108963588909,2.15108963588909,0.142468747390136,"AX.115651891:AX.115304152",0.525452362608249
1,1.51587580554474,1.51587580554474,0.218244675221745,"AX.115651891:AX.105189481",0.599674397053711
1,0.589345420836253,0.589345420836253,0.442672352097354,"AX.115651891:AX.635445376",0.732171400552453
1,0.219187507195784,0.219187507195784,0.639659695629494,"AX.115651891:AX.115398446",0.842933476456359
1,4.4856175170712,4.4856175170712,0.0341811957739407,"AX.115651891:AX.115503933",0.25017409550594
1,1.09549017674021,1.09549017674021,0.295257956612842,"AX.115651891:AX.635448882",0.662713089113004
1,4.67143455143332,4.67143455143332,0.0306683002971538,"AX.115651891:AX.115521876",0.243194240952869
1,0.844612878215003,0.844612878215003,0.35808080924994,"AX.115651891:AX.115190769",0.681395051535286
1,1.52517188289221,1.52517188289221,0.216838507800429,"AX.115651891:AX.115191530",0.599674397053711
1,0.720531273824008,0.720531273824008,0.39596969699704,"AX.115483353:AX.115519098",0.703539339941771
1,0.100055402641374,0.100055402641374,0.751763158845149,"AX.115483353:AX.115421795",0.908547988764725
1,1.21170489051406,1.21170489051406,0.270994735360346,"AX.115483353:AX.115276891",0.635700765254416
1,1.99536123270991,1.99536123270991,0.157781442416962,"AX.115483353:AX.115413644",0.526622221454124
1,0.274428598490431,0.274428598490431,0.60037638327581,"AX.115483353:AX.115306042",0.827347942806909
1,6.19405946822735,6.19405946822735,0.0128179825435841,"AX.115483353:AX.115462070",0.148557131017949
1,0.0805055150265162,0.0805055150265162,0.776613517949267,"AX.115483353:AX.115641815",0.91802838280159
1,0.00133073999836597,0.00133073999836597,0.970900176608173,"AX.115483353:AX.115361682",0.991224925909046
1,0.144721877914208,0.144721877914208,0.703631230598504,"AX.115483353:AX.115304152",0.878567171907524
1,4.62954420389292,4.62954420389292,0.0314259112022169,"AX.115483353:AX.115398446",0.244905376955208
1,0.0181576949757982,0.0181576949757982,0.892809150717036,"AX.115483353:AX.115503933",0.965429990727512
1,0.222513488502727,0.222513488502727,0.63713140390214,"AX.115483353:AX.635448882",0.842933476456359
1,1.17765114678627,1.17765114678627,0.277834694609084,"AX.115483353:AX.115521876",0.644006574170799
1,0.229703474363987,0.229703474363987,0.631743784976504,"AX.115483353:AX.115190769",0.842933476456359
1,1.41564020682426,1.41564020682426,0.23412233869211,"AX.115483353:AX.115191530",0.607670882801154
1,1.04680497314439,1.04680497314439,0.306244079432998,"AX.115519098:AX.115421795",0.662713089113004
1,1.75442279315553,1.75442279315553,0.185321690362647,"AX.115519098:AX.115276891",0.565982459756192
1,0.0417862320744007,0.0417862320744007,0.838027795303001,"AX.115519098:AX.115413644",0.947071768515883
1,0.105001850642338,0.105001850642338,0.745907833906704,"AX.115519098:AX.115306042",0.906318120768361
1,0.070149970282273,0.070149970282273,0.791118548698515,"AX.115519098:AX.115462070",0.921612329927136
1,0.48907434922603,0.48907434922603,0.484340506829018,"AX.115519098:AX.115641815",0.749381546890993
1,0.0119544143699386,0.0119544143699386,0.912935799920162,"AX.115519098:AX.115361682",0.970934074268031
1,1.59448998742232,1.59448998742232,0.206685811042023,"AX.115519098:AX.115304152",0.585898150136967
1,4.43563231972939,4.43563231972939,0.0351961800282599,"AX.115519098:AX.105189481",0.252518624964658
1,3.79336708357164,3.79336708357164,0.0514560402060873,"AX.115519098:AX.635445376",0.332259002473592
1,1.7870252650805,1.7870252650805,0.181289025247487,"AX.115519098:AX.115398446",0.565982459756192
1,0.94451421528197,0.94451421528197,0.331119598642302,"AX.115519098:AX.115503933",0.662713089113004
1,0.0376165415134437,0.0376165415134437,0.846215155718987,"AX.115519098:AX.635448882",0.947071768515883
1,0.586322980604336,0.586322980604336,0.443844532154376,"AX.115519098:AX.115521876",0.732171400552453
1,1.02732129095489,1.02732129095489,0.310788650792061,"AX.115519098:AX.115190769",0.662713089113004
1,2.43814906988996,2.43814906988996,0.118415878371266,"AX.115519098:AX.115191530",0.51417911996585
1,1.77466515459218,1.77466515459218,0.182805781625264,"AX.115421795:AX.115276891",0.565982459756192
1,0.260568789930403,0.260568789930403,0.609729657584451,"AX.115421795:AX.115413644",0.834241940768115
1,0.0448980202727398,0.0448980202727398,0.832191659041724,"AX.115421795:AX.115306042",0.947071768515883
1,0.0375894500909908,0.0375894500909908,0.846269852941245,"AX.115421795:AX.115462070",0.947071768515883
1,1.38730128314,1.38730128314,0.238861377455837,"AX.115421795:AX.115641815",0.607670882801154
1,0.53356253409288,0.53356253409288,0.465112935067434,"AX.115421795:AX.115361682",0.744290890987108
1,0.637262295130313,0.637262295130313,0.424703901882131,"AX.115421795:AX.115304152",0.72701853637249
1,0.651090574074942,0.651090574074942,0.419723040556365,"AX.115421795:AX.105189481",0.726876683262364
1,0.367300994541893,0.367300994541893,0.544479145527009,"AX.115421795:AX.635445376",0.791333034656618
1,0.243024083099044,0.243024083099044,0.62203044372785,"AX.115421795:AX.115398446",0.841789702290384
1,0.22024561634521,0.22024561634521,0.638852834750316,"AX.115421795:AX.115503933",0.842933476456359
1,3.63689486446151,3.63689486446151,0.0565122404465477,"AX.115421795:AX.635448882",0.345182874078913
1,3.31139428507095,3.31139428507095,0.0688010947268833,"AX.115421795:AX.115521876",0.382465146667477
1,0.00664540963566651,0.00664540963566651,0.935028911597683,"AX.115421795:AX.115190769",0.985158666764925
1,3.73107922024724,3.73107922024724,0.0534088747485379,"AX.115421795:AX.115191530",0.337161480796076
1,3.14308484212461,3.14308484212461,0.0762494652585944,"AX.115276891:AX.115413644",0.41029474162958
1,0.082102308378353,0.082102308378353,0.774468387678474,"AX.115276891:AX.115306042",0.91802838280159
1,11.0453086926136,11.0453086926136,0.000889118976266978,"AX.115276891:AX.115462070",0.0200940888636337
1,0.99648551259429,0.99648551259429,0.318162407923577,"AX.115276891:AX.115641815",0.662713089113004
1,0.472567965738108,0.472567965738108,0.491808150387394,"AX.115276891:AX.115361682",0.751004337753723
1,0.0943286271847228,0.0943286271847228,0.75874468366416,"AX.115276891:AX.115304152",0.912107970787767
1,0.263143092252676,0.263143092252676,0.607968984707882,"AX.115276891:AX.115398446",0.834241940768115
1,1.66367724406541,1.66367724406541,0.197107560269894,"AX.115276891:AX.115503933",0.582304687856158
1,0.407269225206846,0.407269225206846,0.523358803009882,"AX.115276891:AX.635448882",0.778151904475219
1,0.537527971752979,0.537527971752979,0.463459024536822,"AX.115276891:AX.115521876",0.744290890987108
1,0.0348069450687944,0.0348069450687944,0.852000773897765,"AX.115276891:AX.115190769",0.950874937782197
1,6.87436788512878,6.87436788512878,0.00874406789326498,"AX.115276891:AX.115191530",0.112923391078736
1,0.287469100385806,0.287469100385806,0.591846973730615,"AX.115413644:AX.115306042",0.820597644559012
1,1.07536053838294,1.07536053838294,0.299737758555879,"AX.115413644:AX.115462070",0.662713089113004
1,0.570585084848062,0.570585084848062,0.450026512894911,"AX.115413644:AX.115641815",0.733394442127793
1,1.00848057041094,1.00848057041094,0.315267122658108,"AX.115413644:AX.115361682",0.662713089113004
1,0.13464515566443,0.13464515566443,0.713663578525103,"AX.115413644:AX.115304152",0.881355020473625
1,0.198812159002273,0.198812159002273,0.655681350180419,"AX.115413644:AX.105189481",0.8516320985102
1,0.829050315098812,0.829050315098812,0.362547284097084,"AX.115413644:AX.635445376",0.681395051535286
1,0.13495912612143,0.13495912612143,0.713344660824727,"AX.115413644:AX.115398446",0.881355020473625
1,8.16537256381616,8.16537256381616,0.00426977022699793,"AX.115413644:AX.115503933",0.0689262908072522
1,0.935172165698305,0.935172165698305,0.333522537688445,"AX.115413644:AX.635448882",0.662713089113004
1,0.856072404249289,0.856072404249289,0.354840140506401,"AX.115413644:AX.115521876",0.681395051535286
1,0.731842509500666,0.731842509500666,0.39228661065322,"AX.115413644:AX.115190769",0.703539339941771
1,1.21795703496264,1.21795703496264,0.269761957635096,"AX.115413644:AX.115191530",0.635700765254416
1,5.39776660940538,5.39776660940538,0.020162536732154,"AX.115306042:AX.115462070",0.195101251906922
1,2.27771297584059,2.27771297584059,0.131245281931063,"AX.115306042:AX.115641815",0.516896599325469
1,0.00127748467980382,0.00127748467980382,0.971488146410857,"AX.115306042:AX.115361682",0.991224925909046
1,0.432096019065057,0.432096019065057,0.510962251889312,"AX.115306042:AX.115304152",0.765534634385814
1,0.160653679439292,0.160653679439292,0.688555401875982,"AX.115306042:AX.105189481",0.866782985433185
1,0.44661232162639,0.44661232162639,0.503948114553007,"AX.115306042:AX.635445376",0.765534634385814
1,1.89037081402421,1.89037081402421,0.169160103446287,"AX.115306042:AX.115398446",0.538453287026209
1,2.88110683162381,2.88110683162381,0.0896243978330432,"AX.115306042:AX.115503933",0.445167338687204
1,5.08437068631315,5.08437068631315,0.0241424370416292,"AX.115306042:AX.635448882",0.20971755557485
1,1.52619190521159,1.52619190521159,0.216684872806521,"AX.115306042:AX.115521876",0.599674397053711
1,0.0613802352524999,0.0613802352524999,0.804327573390706,"AX.115306042:AX.115190769",0.929810903254729
1,0.662658891937781,0.662658891937781,0.41562282090385,"AX.115306042:AX.115191530",0.725334034936448
1,0.596233030465783,0.596233030465783,0.44001891579996,"AX.115462070:AX.115641815",0.732171400552453
1,0.387407297321033,0.387407297321033,0.533665394320719,"AX.115462070:AX.115361682",0.788290059584853
1,0.0000000541713234269992,0.0000000541713234269992,0.99981429449398,"AX.115462070:AX.115304152",0.99981429449398
1,2.12244652300524,2.12244652300524,0.14515451182174,"AX.115462070:AX.105189481",0.525452362608249
1,3.43831388938315,3.43831388938315,0.0637006707658813,"AX.115462070:AX.635445376",0.373931210210108
1,3.35888839672498,3.35888839672498,0.0668431742491004,"AX.115462070:AX.115398446",0.379797031178861
1,2.79546481194893,2.79546481194893,0.0945313507038879,"AX.115462070:AX.115503933",0.451325881170373
1,2.16739251701051,2.16739251701051,0.140965073328189,"AX.115462070:AX.635448882",0.525452362608249
1,0.888913616246555,0.888913616246555,0.345771877448203,"AX.115462070:AX.115521876",0.679516906985164
1,10.794552248502,10.794552248502,0.00101799232785249,"AX.115462070:AX.115190769",0.0209151150995148
1,3.39720261447951,3.39720261447951,0.0653070853925978,"AX.115462070:AX.115191530",0.378446187146849
1,0.0799166256815624,0.0799166256815624,0.777410428847446,"AX.115641815:AX.115361682",0.91802838280159
1,2.03153494093044,2.03153494093044,0.154064940487452,"AX.115641815:AX.115304152",0.526622221454124
1,1.51579058273751,1.51579058273751,0.218257616619909,"AX.115641815:AX.105189481",0.599674397053711
1,4.71908248443833,4.71908248443833,0.0298296556348161,"AX.115641815:AX.635445376",0.243194240952869
1,0.577643420812819,0.577643420812819,0.447237510009356,"AX.115641815:AX.115398446",0.732432443928366
1,0.0134785580912649,0.0134785580912649,0.907575513881289,"AX.115641815:AX.115503933",0.968105596687146
1,0.258555367922554,0.258555367922554,0.611114377830954,"AX.115641815:AX.635448882",0.834241940768115
1,0.589171545105273,0.589171545105273,0.44273965600205,"AX.115641815:AX.115521876",0.732171400552453
1,0.0800010085761187,0.0800010085761187,0.777296044003604,"AX.115641815:AX.115190769",0.91802838280159
1,2.27457345226526,2.27457345226526,0.131511302925728,"AX.115641815:AX.115191530",0.516896599325469
1,0.0230717774948062,0.0230717774948062,0.87927056598204,"AX.115361682:AX.115304152",0.960640888161316
1,0.164327131981509,0.164327131981509,0.685203478797917,"AX.115361682:AX.105189481",0.866782985433185
1,0.749572291757886,0.749572291757886,0.386611679518906,"AX.115361682:AX.635445376",0.703539339941771
1,1.3767915214903,1.3767915214903,0.240648424826121,"AX.115361682:AX.115398446",0.607670882801154
1,0.0374766695654216,0.0374766695654216,0.846497775399152,"AX.115361682:AX.115503933",0.947071768515883
1,0.0212511368131345,0.0212511368131345,0.884096883362092,"AX.115361682:AX.635448882",0.960640888161316
1,1.37728540413173,1.37728540413173,0.240564083447785,"AX.115361682:AX.115521876",0.607670882801154
1,0.959222591552589,0.959222591552589,0.327382823030181,"AX.115361682:AX.115190769",0.662713089113004
1,1.36856684089184,1.36856684089184,0.242058272934256,"AX.115361682:AX.115191530",0.607835218701576
1,0.0789001690302484,0.0789001690302484,0.778793437012501,"AX.115304152:AX.105189481",0.91802838280159
1,4.48864433296649,4.48864433296649,0.0341207252589848,"AX.115304152:AX.635445376",0.25017409550594
1,0.213604567659786,0.213604567659786,0.643956731848417,"AX.115304152:AX.115398446",0.84612919417292
1,0.70278148670377,0.70278148670377,0.401850649820845,"AX.115304152:AX.115503933",0.709517553589929
1,0.00150460408985964,0.00150460408985964,0.969058434405848,"AX.115304152:AX.635448882",0.991224925909046
1,13.601279856462,13.601279856462,0.000226031373491864,"AX.115304152:AX.115521876",0.00729758434416589
1,0.127851270230281,0.127851270230281,0.720670401793942,"AX.115304152:AX.115190769",0.882772416289599
1,0.717673041818557,0.717673041818557,0.396908255940601,"AX.115304152:AX.115191530",0.703539339941771
1,2.33101647716558,2.33101647716558,0.126819041274284,"AX.105189481:AX.115398446",0.514287090278953
1,0.729709037356201,0.729709037356201,0.392977517062926,"AX.105189481:AX.115521876",0.703539339941771
1,0.371678998640618,0.371678998640618,0.542090489496539,"AX.105189481:AX.115190769",0.791333034656618
1,0.0717552717131866,0.0717552717131866,0.788798043428398,"AX.105189481:AX.115191530",0.921283502918956
1,0.607268619145088,0.607268619145088,0.435818080651052,"AX.635445376:AX.115398446",0.732171400552453
1,0.394441629055677,0.394441629055677,0.529973884041363,"AX.635445376:AX.115521876",0.78540391995638
1,1.43517506551996,1.43517506551996,0.230921718345548,"AX.635445376:AX.115190769",0.60684079472202
1,0.942103596244465,0.942103596244465,0.331737437081819,"AX.635445376:AX.115191530",0.662713089113004
1,2.02388658289624,2.02388658289624,0.154842375676103,"AX.115398446:AX.115503933",0.526622221454124
1,0.309934000078442,0.309934000078442,0.577720688348809,"AX.115398446:AX.635448882",0.810961960042427
1,1.02077266027629,1.02077266027629,0.312335802058159,"AX.115398446:AX.115521876",0.662713089113004
1,1.45477740097351,1.45477740097351,0.22776292240974,"AX.115398446:AX.115190769",0.60684079472202
1,0.00242137976545109,0.00242137976545109,0.960753920533094,"AX.115398446:AX.115191530",0.991224925909046
1,0.367433795632564,0.367433795632564,0.544406402965612,"AX.115503933:AX.635448882",0.791333034656618
1,0.582182132352386,0.582182132352386,0.445458263610453,"AX.115503933:AX.115521876",0.732171400552453
1,0.301305882487213,0.301305882487213,0.583064905650712,"AX.115503933:AX.115190769",0.813411535043586
1,0.256172785623789,0.256172785623789,0.612761779502244,"AX.115503933:AX.115191530",0.834241940768115
1,0.222195204956734,0.222195204956734,0.637372348859366,"AX.635448882:AX.115521876",0.842933476456359
1,1.99336871035644,1.99336871035644,0.157989096343567,"AX.635448882:AX.115190769",0.526622221454124
1,0.0301815134233721,0.0301815134233721,0.862079015429627,"AX.635448882:AX.115191530",0.953910284544301
1,0.0204617499696269,0.0204617499696269,0.886254978679798,"AX.115521876:AX.115190769",0.960640888161316
1,5.05247592352544,5.05247592352544,0.0245907753218297,"AX.115521876:AX.115191530",0.20971755557485
1,0.130595002403879,0.130595002403879,0.717815916069892,"AX.115190769:AX.115191530",0.881896263255684
NA,1,NA,NA,"residual (MS)",NA
